song_id,release_date,genre,total_streams,royalties,artist_id
1,5/7/2011,Gospel,2015491,0.010313,67
2,10/21/2014,Trance,616841,0.00915,10
3,11/22/1993,Electronic Dance,1163445,0.00998,22
4,6/19/1997,Disco,2200172,0.00928,23
5,5/29/2010,Hip Hop,2125459,0.003772,55
6,11/16/1997,Gospel,356592,0.0012,68
7,6/24/1992,Reggae,9756,0.014108,1
8,11/8/2019,Blues,8923,0.00508,28
9,11/28/2002,Soul,1978925,0.00899,41
10,7/26/2004,K-Pop,3102386,0.020866,64
11,3/18/2012,Acoustic,3150,0.004492,67
12,4/30/2016,Gospel,272448,0.00845,55
13,1/3/2017,Orchestra,2137750,0.006348,33
14,9/6/1998,Electronic Dance,1822,0.007359,38
15,4/30/2007,Contemporary R & B,2920375,0.00626,4
16,2/18/2012,Contemporary R & B,7287,0.001467,60
17,2/16/1992,Funk,964250,0.00299,38
18,6/7/2020,Hymn,1045805,0.00778,62
19,4/17/2001,Jazz,1771038,0.003079,10
20,3/6/1996,Musical Theatre,426356,0.013711,33
21,4/30/2007,Emo,1631747,0.00166,70
22,12/12/1991,Trance,2835689,0.00063,41
23,5/12/1997,Punk Rock,4724,0.0087,4
24,1/29/2010,Hip Hop,1034768,0.00663,49
25,4/25/2015,Techno,1556910,0.00061,17
26,6/18/2020,Emo,4803,0.00013,13
27,1/21/2019,Jazz,345905,0.00409,59
28,10/22/1990,Heavy Metal,7718,0.00617,11
29,7/10/2004,Folk,1498153,0.007725,58
30,2/19/2019,Reggae,2399555,0.00732,63
31,12/16/2009,Classical,356170,0.00967,44
32,7/12/1995,Death Metal,599170,0.0038,43
33,12/24/2017,Funk,1196980,0.005664,46
34,7/14/1998,Techno,2133128,0.015138,51
35,2/20/2006,Pop,556351,0.006566,69
36,1/26/2001,Soul,667089,0.002757,7
37,4/26/2005,Folk,1464824,0.00412,8
38,3/27/2016,Jazz,1750410,0.00508,5
39,5/7/2005,House,1391,0.011117,27
40,6/22/2020,Instrumental,1376686,0.00078,39
41,10/6/1992,Soul,4252,0.003389,53
42,3/5/2006,Disco,3078112,0.0044,65
43,9/28/2020,House,1501147,0.00343,14
44,12/5/2011,Reggae,993665,0.005123,54
45,12/23/1992,Trance,624508,0.0016,70
46,2/9/2019,Orchestra,518708,0.001753,67
47,3/29/2013,Country,1050476,0.00673,51
48,12/26/1998,Blues,1396826,0.0052,63
49,2/26/2016,Emo,1125944,0.00218,46
50,10/19/1991,Reggae,8118,0.002303,49
51,4/5/1998,Disco,100173,0.007827,57
52,7/28/2008,Blues,1658404,0.001512,12
53,8/16/1995,Jazz,2206337,0.00911,55
54,10/19/1992,Death Metal,5258,0.001562,39
55,6/15/1997,Trance,319000,0.00638,27
56,2/20/2014,Disco,1079,0.00194,39
57,6/6/1993,Contemporary R & B,3012235,0.00062,48
58,8/7/2019,Funk,1485787,0.00345,12
59,5/5/2002,Heavy Metal,1203192,0.00155,11
60,5/31/2001,Pop,526031,0.00213,70
61,6/9/2000,Electronic,2703011,0.00124,55
62,5/1/2001,K-Pop,2137890,0.00258,27
63,2/4/1997,Electronic,757909,0.008074,16
64,1/27/2007,Reggae,1206160,0.006101,29
65,11/15/2007,Rock,2805930,0.010472,67
66,10/9/2009,Electronic Dance,311131,0.002201,5
67,11/19/1991,Heavy Metal,718000,0.00889,7
68,9/7/2016,Instrumental,197112,0.005068,69
69,12/10/2008,Dubstep,993835,0.00546,44
70,8/9/2007,Jazz,2125145,0.007754,12
71,9/13/2018,Techno,1666452,0.00572,13
72,9/5/2008,Folk,2796236,0.00239,5
73,8/18/2010,Instrumental,2048269,0.00859,35
74,12/7/2013,Punk Rock,2507699,0.00052,56
75,1/29/1998,Reggae,1723381,0.00763,50
76,4/9/1994,Hip Hop,449006,0.00766,14
77,9/23/1991,Funk,1354698,0.00263,21
78,5/25/2020,Alternative Rock,6952,0.00484,56
79,5/20/2020,Emo,1053568,0.001539,21
80,9/3/2011,Reggae,404128,0.018049,39
81,3/20/1993,Alternative Rock,2190227,0.00647,32
82,2/28/1992,Swing,1271569,0.004271,38
83,4/20/1993,Blues,1246442,0.001179,25
84,9/22/1994,Emo,2263860,0.00163,63
85,9/23/2018,Contemporary R & B,6216,0.007385,5
86,6/11/1999,Indie Rock,2250001,0.005363,38
87,7/10/2001,Swing,383106,0.027807,69
88,2/19/2010,Emo,517498,0.00562,28
89,3/22/2019,Funk,2854760,0.00888,68
90,9/29/2020,Dubstep,995504,0.0028,38
91,6/21/2018,Indie Rock,589432,0.0066,30
92,3/22/2012,Trance,1607682,0.005363,23
93,9/4/1997,Orchestra,1284655,0.010534,58
94,5/25/1999,Dubstep,1307516,0.00587,21
95,7/3/2000,Hip Hop,2157394,0.00742,44
96,5/16/1998,Dubstep,2686859,0.018601,25
97,10/30/1997,Blues,8432,0.007265,17
98,8/1/2001,Heavy Metal,1667183,0.002982,60
99,6/16/2020,Soul,716449,0.011516,13
100,11/18/2018,Contemporary R & B,5995,0.00345,55
101,10/23/1995,Pop Rock,901147,0.003125,67
102,5/26/1990,Gospel,1302467,0.0093,63
103,11/13/1994,Indie Rock,6653,0.002928,40
104,5/26/2020,Death Metal,2402091,0.00994,7
105,7/28/1992,House,9304,0.010376,25
106,5/13/2001,Soul,1516207,0.003703,40
107,8/1/2018,Funk,897952,0.002,4
108,12/21/2008,Classical,1061795,0.00353,65
109,2/15/1998,Emo,5273,0.002434,38
110,12/18/2018,Hymn,1763175,0.00682,10
111,2/12/2013,Funk,204949,0.002052,5
112,6/22/2018,Rock,7851,0.003487,52
113,7/23/1996,Folk,2227690,0.00096,2
114,8/20/1998,Folk,3082518,0.003281,20
115,3/1/1995,Indie Rock,1217521,0.00137,57
116,4/18/1991,Hip Hop,6718,0.00085,14
117,9/30/1990,Dance,1202913,0.00831,12
118,1/17/2016,Swing,296570,0.0006,42
119,7/16/1996,Hymn,1334460,0.00325,63
120,4/26/2020,Alternative Rock,2702,0.007776,46
121,12/28/1993,Orchestra,991470,0.00155,13
122,7/16/2006,House,2099,0.00376,31
123,1/17/1999,Heavy Metal,2000841,0.001388,20
124,1/13/2006,Alternative Rock,1954806,0.00235,57
125,3/29/1994,Death Metal,2804,0.00535,26
126,5/1/2010,Electronic Dance,6633,0.00551,53
127,9/14/2005,Emo,1122533,0.01171,16
128,3/12/2020,Musical Theatre,2150653,0.023395,44
129,5/17/2016,Heavy Metal,1735240,0.009327,62
130,5/9/2009,Electronic Dance,1171751,0.001363,22
131,1/29/1995,Acoustic,979429,0.00481,1
132,9/10/2014,Trance,2667241,0.012482,26
133,8/26/2015,Orchestra,2578156,0.00431,1
134,3/2/2004,Death Metal,1261598,0.00181,7
135,11/15/2017,Indie Rock,1371883,0.00247,50
136,4/13/2005,Classical,1260420,0.009795,47
137,3/23/2019,K-Pop,1297003,0.013887,62
138,12/6/1996,Gospel,964519,0.00589,48
139,1/14/2000,Instrumental,996557,0.00798,57
140,4/18/2011,Punk Rock,2231817,0.00628,52
141,5/14/2015,Swing,2065,0.00934,49
142,9/16/2019,Funk,1422414,0.003385,45
143,6/2/1996,Contemporary R & B,96349,0.001021,31
144,1/27/2020,Funk,2569002,0.00499,45
145,11/30/2018,Pop,2903624,0.00225,38
146,2/15/2015,Acoustic,874524,0.001623,56
147,8/4/1998,Contemporary R & B,6200,0.003112,61
148,11/12/2003,Funk,4317,0.00739,48
149,6/30/2009,Folk,1522371,0.00325,27
150,1/19/2001,Musical Theatre,2090081,0.01103,29
151,5/7/2010,Electronic,1053752,0.00555,32
152,10/6/2004,Country,1272669,0.003987,70
153,2/11/2018,Rock,1981396,0.005389,65
154,3/23/2004,Rock,1385542,0.0014,12
155,8/31/2000,Jazz,688432,0.00999,64
156,4/16/2004,Instrumental,671060,0.008915,14
157,1/19/1995,Swing,971293,0.00073,16
158,7/13/1999,Disco,1622461,0.00055,21
159,2/25/1992,House,853461,0.00349,33
160,5/15/1990,Indie Rock,262454,0.00812,39
161,10/23/2012,Alternative Rock,1554752,0.002889,47
162,1/12/2016,Musical Theatre,1324430,0.00706,68
163,1/8/2008,Country,76463,0.00268,6
164,5/2/2016,Orchestra,2323176,0.00678,20
165,6/9/2008,Dance,650409,0.00874,54
166,4/6/2003,Alternative Rock,287260,0.009282,66
167,4/25/2001,Electronic,4064,0.00051,47
168,6/15/2013,Gospel,7748,0.00267,32
169,3/16/2004,Techno,2144,0.002976,68
170,11/1/2010,Alternative Rock,2205088,0.010398,18
171,4/19/2006,Electronic Dance,1827173,0.00901,46
172,11/8/2017,Dance,9594,0.00433,7
173,5/31/2006,Hip Hop,563936,0.022591,50
174,9/6/2012,Pop,2729401,0.010279,48
175,6/20/2004,Classical,1395806,0.005086,28
176,1/12/1996,Punk Rock,4043,0.008612,40
177,6/8/2001,Swing,3025225,0.011089,59
178,6/17/1993,Musical Theatre,1399819,0.0033,12
179,10/13/2014,House,1064754,0.010195,12
180,4/22/2015,Orchestra,795431,0.008698,39
181,1/12/2012,Rock,945457,0.00686,37
182,7/5/2020,Hip Hop,1921074,0.00054,32
183,4/7/2001,Punk Rock,2041153,0.00097,11
184,1/8/2013,Death Metal,794992,0.00647,3
185,2/23/1997,Orchestra,4584,0.014641,38
186,6/25/1997,Electronic,946398,0.009435,41
187,11/4/2008,Jazz,633543,0.004059,2
188,6/3/2006,Orchestra,2836211,0.002259,7
189,1/19/2002,Classical,788335,0.011325,28
190,3/28/2006,Electronic Dance,900220,0.002169,69
191,7/10/2020,Folk,420774,0.001503,33
192,8/27/2017,Rock,837998,0.0013,5
193,6/17/2002,Dance,2247663,0.00253,49
194,1/9/2003,Instrumental,2192708,0.003406,2
195,3/18/2001,Alternative Rock,682538,0.0011,64
196,1/19/2004,Blues,2460890,0.009138,23
197,3/17/2016,Funk,2439563,0.0019,61
198,11/12/1991,Blues,2678364,0.00052,22
199,8/12/1996,Alternative Rock,651901,0.00974,61
200,4/5/2013,K-Pop,1862384,0.016898,9
201,8/7/2011,Pop,6952,0.012481,51
202,6/30/2003,Jazz,729631,0.001049,39
203,4/24/2020,Country,298980,0.00843,36
204,12/2/1998,Electronic Dance,873742,0.00125,57
205,2/26/2006,Emo,9613,0.005256,60
206,4/23/1999,Indie Rock,1726398,0.01265,65
207,5/27/2006,Dubstep,4304353,0.00939,28
208,6/12/2006,Electronic,2021969,0.00923,46
209,11/10/2007,Folk,545845,0.00047,8
210,10/17/2005,Gospel,912991,0.00716,12
211,3/10/2000,Instrumental,373490,0.0092,30
212,2/25/2006,Disco,1536634,0.00102,56
213,8/18/1990,Pop Rock,716136,0.001678,55
214,11/14/2004,Musical Theatre,2658,0.00483,6
215,6/22/1996,Emo,9705,0.00836,12
216,11/7/1992,Reggae,1305110,0.009449,64
217,5/8/2009,Soul,2005164,0.00273,51
218,3/31/1994,Instrumental,3140603,0.004125,2
219,5/17/2011,Soul,169117,0.003754,19
220,6/11/1992,Gospel,1608141,0.00864,68
221,7/19/1997,Pop,382636,0.009541,39
222,5/25/2011,Techno,1239517,0.003238,29
223,1/29/1998,Musical Theatre,1377884,0.00309,7
224,12/26/1994,Contemporary R & B,965074,0.00109,33
225,10/31/2002,Reggae,1531438,0.00302,54
226,7/9/1998,Contemporary R & B,2473060,0.00841,38
227,5/1/1993,Hymn,415999,0.004296,67
228,10/16/2001,Jazz,340192,0.005873,42
229,3/16/1990,Acoustic,1712632,0.00876,65
230,9/18/1992,Indie Rock,143499,0.006847,35
231,10/22/2008,Emo,1306148,0.003805,27
232,3/11/2020,Alternative Rock,94097,0.00364,15
233,6/5/2013,Emo,1954287,0.0059,63
234,5/27/2006,Soul,1189032,0.006151,13
235,6/8/2006,Orchestra,2023956,0.00474,50
236,2/12/2002,Soul,2531914,0.004877,54
237,11/18/1993,Classical,683792,0.00963,43
238,6/15/1996,Instrumental,234578,0.019613,43
239,8/21/2014,Country,6953,0.005491,28
240,8/29/2014,Instrumental,1052591,0.00712,11
241,10/30/2016,Country,1061779,0.013318,34
242,1/2/2012,House,2164033,0.00388,49
243,10/24/2001,Indie Rock,1781864,0.003501,24
244,7/31/1997,House,2501,0.00572,40
245,4/9/2016,Instrumental,178104,0.00762,68
246,1/13/2006,Trance,1146415,0.019443,60
247,11/23/1999,Heavy Metal,3961,0.00109,58
248,7/9/1994,Funk,972493,0.011186,18
249,5/15/1997,Acoustic,2006121,0.00341,3
250,12/5/2017,Hip Hop,5325,0.002257,56
251,12/18/2019,Reggae,1043642,0.00933,1
252,6/16/2001,Dubstep,1208675,0.002495,38
253,11/3/2014,Musical Theatre,1315984,0.00108,62
254,6/24/2018,Contemporary R & B,1300602,0.003414,48
255,12/28/2013,Reggae,2314877,0.00166,6
256,10/11/2013,Punk Rock,859367,0.00186,57
257,7/30/2005,Dubstep,724935,0.010086,11
258,5/28/2011,Blues,2767792,0.003848,20
259,6/6/2006,Pop,989097,0.012993,30
260,6/5/2005,Trance,3753,0.00826,53
261,7/27/1994,Classical,2419,0.012741,31
262,2/26/2013,Blues,1334,0.0011,57
263,3/16/1990,Techno,516838,0.00982,19
264,2/8/2017,Hip Hop,972971,0.00054,62
265,12/19/1994,Dance,2801809,0.003578,10
266,11/16/2015,K-Pop,156818,0.00722,65
267,10/31/1996,Pop Rock,373224,0.00144,15
268,3/12/2007,Dubstep,3896217,0.004268,44
269,5/12/2011,Dubstep,2311463,0.00845,11
270,1/12/2013,Funk,946359,0.00639,39
271,1/9/1997,Electronic Dance,1094811,0.010653,2
272,4/9/2018,Dubstep,1284037,0.00567,34
273,4/25/2003,Dance,459791,0.00779,39
274,9/1/1990,Punk Rock,3150255,0.00591,30
275,11/19/2003,Disco,2541209,0.005476,55
276,9/14/1992,Techno,486780,0.005237,1
277,11/1/1997,Dubstep,1768576,0.019569,15
278,1/14/2003,Classical,1479097,0.00138,12
279,3/19/2019,Emo,1342687,0.00387,50
280,8/20/2014,Rock,3817,0.010135,66
281,10/15/2015,Alternative Rock,2695,0.005542,45
282,12/31/2019,Death Metal,1206258,0.017474,43
283,10/22/2016,Swing,185800,0.00849,25
284,5/25/2008,Disco,541085,0.00288,61
285,7/4/1994,Blues,694855,0.008339,10
286,11/1/2010,Reggae,4166,0.001055,48
287,9/7/2011,Reggae,3105,0.00787,17
288,5/19/1999,Electronic Dance,1856354,0.00301,29
289,1/26/2007,Soul,909077,0.00667,1
290,5/6/2004,Swing,1284504,0.00809,36
291,6/5/2001,Dance,1624392,0.010919,23
292,1/28/2017,Hymn,30183,0.008995,20
293,9/13/1999,Death Metal,1922410,0.00608,43
294,5/2/1995,Pop Rock,9224,0.007906,22
295,7/15/2019,Instrumental,587857,0.00285,66
296,8/16/2013,Techno,1575447,0.002934,31
297,3/5/2005,Disco,2730627,0.010864,17
298,1/21/1994,Dubstep,67902,0.00018,62
299,6/18/1999,Pop,2282633,0.0063,68
300,5/4/2005,House,6795,0.00433,42
301,2/28/2014,K-Pop,336346,0.003119,41
302,11/23/2005,Dubstep,1839375,0.00555,28
303,4/20/1992,Disco,1072113,0.00321,11
304,12/9/1993,Instrumental,4683,0.00173,34
305,2/21/2013,Country,1494421,0.020166,20
306,12/16/2005,Rock,1352018,0.00259,15
307,2/12/2006,Soul,8338,0.003677,18
308,5/7/1993,Pop Rock,624631,0.00422,28
309,10/5/2015,Orchestra,844970,0.0038,29
310,3/18/2005,Rock,138479,0.00954,2
311,12/28/2017,Contemporary R & B,1487875,0.009722,13
312,1/15/2007,Dubstep,1405379,0.00892,2
313,7/3/2000,Acoustic,864966,0.00736,56
314,5/2/2019,Folk,1257177,0.007508,28
315,12/13/2002,Jazz,2135180,0.00907,3
316,7/31/1990,Reggae,1479675,0.00293,27
317,4/12/2012,Techno,435464,0.00433,38
318,5/30/2004,Instrumental,840739,0.004337,57
319,1/12/2003,Disco,893911,0.00149,61
320,4/12/2004,Alternative Rock,1611646,0.015113,48
321,1/28/2015,Swing,564475,0.00458,42
322,4/27/1999,Rock,5477,0.016853,60
323,4/23/2006,Swing,1497193,0.00376,68
324,10/8/2012,House,4406,0.00067,46
325,1/11/1993,Blues,757608,0.00776,50
326,10/3/2002,Rock,402297,0.004789,22
327,3/24/2000,Electronic,660510,0.008307,62
328,6/24/2012,Death Metal,1977589,0.004946,2
329,1/18/2017,Disco,814788,0.00946,62
330,7/20/1997,Soul,241559,0.002686,36
331,12/26/2002,Disco,4184,0.007639,36
332,5/12/1995,Indie Rock,936431,0.00827,21
333,9/5/1997,Rock,2305933,0.00987,21
334,5/21/2008,House,428958,0.00551,17
335,7/8/2013,Hymn,1190,0.00433,20
336,3/2/2008,Electronic,722822,0.00457,28
337,2/14/1991,Musical Theatre,2381,0.0048,29
338,10/2/2001,Electronic,723518,0.0039,63
339,4/17/2015,Swing,317645,0.0066,40
340,9/25/1996,Emo,478338,0.00305,58
341,10/11/2018,Techno,1329811,0.031808,12
342,12/16/2018,Instrumental,963855,0.011172,63
343,8/4/2016,Trance,160839,0.00593,40
344,3/30/2006,Electronic,959906,0.008119,17
345,11/30/1993,Rock,1433605,0.00216,51
346,2/14/2015,Jazz,775758,0.0009,14
347,3/24/1992,Death Metal,366360,0.00101,16
348,1/9/1997,Gospel,1303393,0.004052,11
349,11/25/1994,Acoustic,2800938,0.00257,28
350,10/24/1994,Hymn,4396,0.00103,37
351,5/29/1995,Techno,997722,0.0015,21
352,8/29/2012,Blues,1280603,0.006358,49
353,12/5/2012,Emo,5800,0.00326,4
354,7/21/1998,Pop Rock,1762166,0.00867,41
355,8/13/1997,Hip Hop,5252,0.013624,38
356,1/16/2018,Pop,6854,0.00949,26
357,7/13/2011,Alternative Rock,1310667,0.00383,14
358,6/22/1993,Reggae,873430,0.003529,51
359,1/23/2019,Electronic,132524,0.00048,18
360,6/21/2009,Instrumental,2283012,0.00541,60
361,12/21/2009,Rock,1330257,0.00908,23
362,5/29/2016,Orchestra,1114272,0.001101,57
363,1/21/2016,Techno,1341924,0.00006,13
364,4/23/1993,Reggae,473658,0.0091,33
365,6/11/2003,Trance,7968,0.00267,39
366,9/14/2006,Jazz,1435009,0.005417,27
367,8/8/2002,Reggae,1946775,0.017752,8
368,2/10/1998,Hip Hop,1854644,0.00769,57
369,4/6/2004,Disco,356839,0.015052,13
370,4/30/2006,Heavy Metal,1287139,0.00327,58
371,10/9/2017,Contemporary R & B,1946220,0.008807,61
372,10/1/2013,Punk Rock,1510301,0.00643,33
373,8/24/2004,Reggae,2237104,0.00055,62
374,10/9/2004,Funk,856968,0.00729,6
375,2/19/1996,Techno,2494612,0.018106,43
376,11/24/1993,K-Pop,1281086,0.013491,35
377,12/9/2020,Heavy Metal,6726,0.006721,12
378,9/1/2020,Instrumental,1592790,0.012498,41
379,9/17/1997,Contemporary R & B,1484346,0.00504,18
380,11/24/2018,Contemporary R & B,1109931,0.012523,57
381,4/20/1994,Dance,1549620,0.00581,28
382,6/1/2006,Orchestra,1330716,0.00057,10
383,1/25/2015,Soul,1681891,0.005383,42
384,11/22/2017,Electronic,1803559,0.0026,68
385,12/6/2002,House,1559669,0.00883,19
386,6/2/2010,Alternative Rock,1269250,0.00326,9
387,2/22/2012,Reggae,9392,0.00795,45
388,4/17/2013,Rock,2190,0.00465,22
389,10/1/2016,Soul,2152449,0.00058,48
390,4/27/2008,Jazz,768451,0.0038,41
391,8/25/2010,Folk,191652,0.00678,47
392,7/22/2019,Contemporary R & B,1276636,0.00699,25
393,6/10/2013,Classical,1656385,0.00589,52
394,11/2/1991,K-Pop,787788,0.00775,28
395,7/7/2017,Techno,3658834,0.00453,65
396,7/22/1997,Dubstep,123302,0.012102,65
397,10/16/2014,Pop,1862791,0.00204,63
398,2/18/2008,Disco,8984,0.008908,55
399,3/11/1997,Electronic Dance,1634870,0.00742,30
400,3/4/2007,Hymn,1782377,0.00332,33
401,2/2/2007,Indie Rock,1062307,0.006526,51
402,5/23/1995,Alternative Rock,1982296,0.00742,3
403,11/16/1998,Hip Hop,2341793,0.00794,43
404,5/27/1995,Pop Rock,9190,0.009755,20
405,7/15/1993,Folk,3262,0.009638,9
406,5/19/2014,Disco,1286030,0.00359,23
407,9/18/2006,Pop Rock,1362488,0.00035,22
408,3/3/1995,Emo,2208242,0.00572,54
409,8/26/2018,Punk Rock,1321466,0.013097,44
410,2/23/2014,Gospel,940773,0.013553,58
411,2/23/2016,Folk,1443070,0.00204,20
412,5/25/1999,Funk,581800,0.00308,43
413,6/16/1991,Classical,8070,0.001654,47
414,4/3/1997,Folk,262047,0.013863,61
415,11/1/2015,Soul,2938749,0.003486,66
416,8/27/2004,Folk,2150979,0.00831,27
417,10/22/1998,Hymn,1638041,0.006367,5
418,7/19/2018,Reggae,807532,0.00463,64
419,2/23/1995,Acoustic,1502795,0.00624,69
420,2/14/1998,Pop Rock,1885300,0.005188,24
421,7/5/2018,K-Pop,1250028,0.00727,25
422,3/27/2004,K-Pop,1869693,0.00485,20
423,12/18/2008,Electronic Dance,2427855,0.00154,58
424,8/2/1994,Blues,2697,0.00125,68
425,3/16/2013,Musical Theatre,671179,0.00078,53
426,12/25/2018,Disco,1932727,0.00267,45
427,6/7/1998,Instrumental,240515,0.020253,1
428,8/26/1991,K-Pop,821414,0.004677,61
429,2/28/1992,Indie Rock,6346,0.00994,34
430,12/12/2010,House,806708,0.004055,33
431,12/13/1998,Blues,1906873,0.00469,66
432,3/9/2016,Classical,1347139,0.00413,17
433,7/5/1996,Jazz,5672,0.002,58
434,12/4/2011,Instrumental,2837,0.00264,6
435,4/25/2000,Death Metal,2331173,0.00553,2
436,3/7/1991,Contemporary R & B,2312113,0.00671,37
437,12/19/1991,Emo,1417504,0.00865,25
438,3/20/1998,Dubstep,1040767,0.0135,44
439,12/20/2012,Death Metal,1780917,0.00264,18
440,3/25/2007,Classical,837501,0.0029,34
441,6/26/2004,Gospel,2080359,0.00661,39
442,11/23/1997,Funk,1239854,0.00697,50
443,8/29/2019,Folk,1186098,0.011196,65
444,10/6/2004,Blues,494758,0.006659,5
445,6/23/2005,Hymn,1433037,0.00875,45
446,7/19/2006,Emo,669690,0.00008,23
447,10/11/1997,Dance,1093261,0.00954,38
448,11/4/2009,Hip Hop,2599,0.0065,44
449,11/8/1999,Electronic,1366813,0.001821,60
450,4/10/2008,Punk Rock,73840,0.00309,40
451,8/1/2016,Country,3000,0.004406,22
452,6/17/1996,Contemporary R & B,1196211,0.009,21
453,2/26/1993,Musical Theatre,444201,0.014269,7
454,5/7/2010,Country,1864401,0.00524,39
455,4/16/2004,K-Pop,1080138,0.001,47
456,4/1/2007,Hymn,722886,0.00296,29
457,6/23/2020,Electronic Dance,6760,0.010061,49
458,1/7/1997,Techno,992737,0.00562,57
459,8/2/1992,Acoustic,1310160,0.00638,65
460,10/23/1993,Pop Rock,561126,0.00277,8
461,12/10/2002,Soul,3457,0.010507,2
462,9/29/2004,Techno,497673,0.001147,38
463,4/2/2011,Hymn,2085,0.00897,15
464,8/17/2004,Electronic Dance,847267,0.00133,52
465,1/24/2006,Dance,2470441,0.009988,21
466,2/4/2008,Musical Theatre,783352,0.010364,30
467,12/2/2002,Disco,1190855,0.014895,38
468,11/18/1997,Reggae,2052120,0.00164,39
469,1/22/2010,Pop,2542,0.00133,56
470,4/6/1991,Jazz,2510145,0.00145,15
471,4/2/2015,Pop Rock,2069200,0.00887,1
472,1/14/1994,Orchestra,1016545,0.019002,40
473,9/17/2018,Swing,1192040,0.00956,37
474,3/26/2011,Rock,598658,0.00882,30
475,11/15/1996,Punk Rock,2956780,0.00758,53
476,7/13/2002,Hymn,728798,0.00075,34
477,8/12/2010,Electronic,755408,0.00794,70
478,4/11/1994,K-Pop,2429535,0.01053,32
479,8/16/1993,Rock,2702171,0.004438,44
480,5/6/1992,Emo,1240223,0.00977,63
481,4/12/1998,Pop Rock,1155764,0.001361,26
482,11/23/1993,Pop,1297319,0.012426,1
483,1/13/2013,Rock,884453,0.001705,68
484,7/20/1992,Disco,2505549,0.002032,12
485,1/9/1991,Contemporary R & B,1379615,0.013168,9
486,1/28/1990,Acoustic,538660,0.00577,34
487,8/24/1994,Pop Rock,7352,0.004017,2
488,4/19/2020,Disco,1879262,0.00353,20
489,7/30/1994,Hymn,1492546,0.009646,16
490,5/23/2006,House,1306008,0.00785,13
491,5/11/1995,Contemporary R & B,499682,0.00405,33
492,1/15/1990,Electronic Dance,1101868,0.00026,21
493,10/27/2009,Soul,2495915,0.0028,30
494,11/4/2015,Swing,2074794,0.010561,53
495,2/21/1991,Gospel,1104168,0.00155,9
496,1/6/1990,Electronic,6294,0.0096,59
497,4/29/2018,Contemporary R & B,1913374,0.00809,39
498,3/17/2002,Orchestra,1028267,0.00238,25
499,8/11/1999,Contemporary R & B,4393,0.01295,62
500,10/13/2019,Orchestra,2928301,0.00961,44
501,3/25/2020,Gospel,250899,0.019918,50
502,1/2/2001,Country,350473,0.00484,49
503,5/8/2018,Country,874395,0.01097,39
504,12/26/2005,Country,1893601,0.010813,46
505,10/21/1999,Reggae,4246,0.0081,32
506,8/16/1997,Disco,1335902,0.00148,25
507,11/7/2004,Orchestra,2987052,0.00452,16
508,10/4/2015,Hip Hop,203306,0.00782,44
509,11/5/2004,Hip Hop,3295179,0.00567,46
510,4/22/1992,Orchestra,985402,0.001317,47
511,11/8/1998,Reggae,568172,0.00288,9
512,1/8/2000,Orchestra,294289,0.00817,67
513,8/3/2010,Soul,1817990,0.007431,49
514,2/10/1998,Funk,1163641,0.007947,2
515,3/14/1998,Emo,1066,0.011429,13
516,10/19/2008,Orchestra,993778,0.0007,32
517,9/4/1999,Pop,1062366,0.003871,30
518,11/24/2008,Contemporary R & B,1613889,0.00846,55
519,2/9/1990,Reggae,1922043,0.015915,64
520,7/9/2004,Reggae,930902,0.00855,22
521,10/23/1999,Swing,8932,0.00587,19
522,5/12/1994,Punk Rock,201326,0.01153,54
523,1/12/2007,Dubstep,1574021,0.013612,48
524,6/11/2018,Pop,5850,0.011468,60
525,1/17/2008,Dance,987723,0.007901,68
526,1/15/1997,Death Metal,1575402,0.00364,62
527,7/11/2011,Dance,1106822,0.005455,32
528,2/28/1995,Country,836666,0.021444,3
529,11/14/2008,Musical Theatre,1111555,0.00878,52
530,10/21/2018,Punk Rock,71290,0.009777,5
531,6/23/1999,Country,2033747,0.00518,54
532,2/7/2004,Instrumental,771547,0.0043,43
533,2/26/1998,Jazz,1242840,0.00854,63
534,9/29/1996,Classical,2214742,0.017273,62
535,2/26/1999,K-Pop,1280,0.012006,36
536,8/1/2020,Swing,1452067,0.00982,5
537,12/30/2000,Electronic Dance,536855,0.00605,28
538,10/31/2010,Punk Rock,1928693,0.019077,63
539,5/17/1994,Punk Rock,3702598,0.006722,38
540,11/30/2008,Emo,2362563,0.003056,14
541,1/16/1996,Punk Rock,750874,0.001563,22
542,12/11/1990,Orchestra,1980247,0.00208,5
543,8/26/2017,Swing,1345232,0.00884,58
544,5/26/2007,Musical Theatre,1473224,0.00261,48
545,8/4/2010,Gospel,1904247,0.00562,58
546,1/25/2016,Punk Rock,1902321,0.00627,23
547,11/14/2019,Swing,2074875,0.0021,48
548,8/11/2009,Instrumental,479675,0.024354,22
549,4/19/2001,Acoustic,1310477,0.00567,44
550,8/4/2016,Gospel,874917,0.00566,59
551,12/17/1991,Punk Rock,1805777,0.00586,8
552,6/16/1998,Pop Rock,966119,0.00579,22
553,11/20/2011,Rock,1084562,0.00664,53
554,1/26/2015,Jazz,1977376,0.01202,22
555,10/21/1995,Punk Rock,2804,0.010607,68
556,2/12/2001,Hymn,396507,0.019278,37
557,9/29/2020,Hymn,2689,0.012432,24
558,6/12/2019,Death Metal,1707,0.016606,28
559,9/26/1997,Swing,1876428,0.00585,53
560,5/7/1993,Electronic,2503617,0.0071,57
561,9/10/2014,Acoustic,7475,0.00384,62
562,4/2/1998,Trance,334310,0.007406,67
563,8/23/2015,Alternative Rock,1622,0.00214,63
564,12/7/1997,Musical Theatre,1080694,0.00291,69
565,3/9/2020,Hip Hop,1524700,0.00471,49
566,1/9/1992,Punk Rock,133505,0.00449,58
567,4/23/1990,Funk,1704920,0.00776,18
568,1/11/2012,Musical Theatre,2382941,0.003557,46
569,7/11/2016,Heavy Metal,1427718,0.00815,34
570,3/5/1991,Death Metal,4436,0.00379,41
571,9/29/2007,Punk Rock,968054,0.00594,21
572,6/18/2015,Swing,507725,0.002917,1
573,9/4/2017,Acoustic,1619952,0.00672,40
574,2/19/2011,Emo,2287079,0.005785,23
575,5/23/1993,Funk,683136,0.00595,14
576,8/25/1996,K-Pop,2334937,0.004222,46
577,4/4/2008,Orchestra,130245,0.00101,24
578,1/16/2020,Folk,864886,0.00204,9
579,7/26/2006,Hip Hop,2238374,0.004072,6
580,6/14/1993,Dubstep,6510,0.011517,61
581,3/4/1991,Gospel,1632,0.011615,46
582,6/25/2006,Heavy Metal,891130,0.0093,55
583,11/8/2013,Contemporary R & B,1623702,0.00403,32
584,8/14/2002,Rock,1157013,0.00626,13
585,2/16/2009,Gospel,2891781,0.00131,15
586,5/3/2006,Alternative Rock,1577857,0.012562,36
587,11/2/2011,Heavy Metal,1457739,0.00313,69
588,3/29/2015,Gospel,1853821,0.00553,47
589,11/12/1997,K-Pop,844177,0.006381,47
590,12/30/2004,Disco,49961,0.010376,39
591,2/5/2016,Indie Rock,2919896,0.0076,12
592,11/3/2000,Death Metal,787233,0.00521,67
593,2/6/2019,Country,2239469,0.00241,22
594,2/4/2005,Pop Rock,1583007,0.00335,67
595,12/26/2005,Funk,4237,0.014527,66
596,12/30/1999,Pop,1323093,0.00228,48
597,6/18/1992,Trance,2262404,0.006207,39
598,7/2/2006,Disco,3183,0.00255,36
599,4/26/2013,Hip Hop,1915177,0.00374,39
600,2/12/1992,Gospel,1726095,0.00351,28
601,9/26/2018,Hip Hop,400713,0.00211,1
602,2/2/2012,Orchestra,705530,0.011188,55
603,12/11/2014,Disco,858878,0.00814,31
604,10/22/2003,Folk,6345,0.00413,15
605,5/4/2012,Emo,1551856,0.00213,25
606,5/1/1991,Blues,1158803,0.010121,64
607,5/13/2017,Hymn,2773573,0.010601,12
608,12/9/2007,Disco,1872485,0.006071,8
609,6/10/2000,Pop,3340,0.00912,47
610,3/26/1999,Musical Theatre,655688,0.005414,22
611,11/6/2009,Indie Rock,2449483,0.004193,9
612,4/28/1990,Blues,90356,0.022625,5
613,5/13/2007,Blues,2265253,0.00641,32
614,10/31/2000,Trance,950718,0.00615,44
615,6/27/2006,Country,879304,0.006127,49
616,9/28/2019,Swing,1659777,0.00316,36
617,4/27/2002,Country,651198,0.00865,8
618,10/5/2013,Soul,1389444,0.021344,5
619,10/21/2016,Contemporary R & B,945640,0.002126,62
620,8/30/2000,Country,938362,0.019485,14
621,6/24/2016,Dubstep,948601,0.006732,18
622,10/12/2020,Blues,2576188,0.00827,19
623,1/27/2015,Hip Hop,871854,0.0021,35
624,9/18/2017,Alternative Rock,1220902,0.00426,26
625,10/10/2019,Disco,1380441,0.018323,4
626,1/4/2015,Death Metal,358683,0.00448,23
627,7/8/2000,House,2164904,0.008801,3
628,11/29/1997,House,1781669,0.00568,16
629,11/17/2015,Country,1103980,0.0029,10
630,6/24/2020,Orchestra,6195,0.00185,10
631,6/14/1997,Emo,1004471,0.00984,62
632,6/10/2011,Dance,908727,0.00406,40
633,2/16/2001,Acoustic,429577,0.00831,62
634,2/7/2015,Jazz,1687686,0.00512,4
635,8/24/2001,Dubstep,1001819,0.00684,47
636,6/27/2008,Country,921763,0.00461,25
637,8/22/2009,Punk Rock,3647281,0.011517,37
638,9/19/2004,Dance,1482910,0.00112,24
639,11/12/1999,Heavy Metal,5441,0.00136,63
640,6/4/2001,Classical,1179336,0.00615,11
641,4/25/2010,Hymn,3793,0.00318,67
642,11/25/1998,Rock,877158,0.025987,26
643,12/28/1996,Trance,14319,0.016045,46
644,12/26/2003,Jazz,2349172,0.002398,38
645,12/2/2004,Electronic Dance,206699,0.00364,18
646,2/6/2006,Death Metal,1434358,0.00166,36
647,10/21/2011,Blues,641488,0.00349,29
648,9/30/2010,Rock,1254015,0.00966,5
649,5/23/2013,Electronic,2254121,0.013916,38
650,6/6/1991,Heavy Metal,691399,0.00284,14
651,2/9/2001,Indie Rock,4270,0.001009,43
652,12/14/2004,Jazz,2466238,0.00925,43
653,1/18/2015,Dance,1495155,0.00727,23
654,9/17/2019,Jazz,2038803,0.00966,25
655,10/24/1999,Dubstep,1409054,0.002149,32
656,2/9/1998,Death Metal,439620,0.014904,39
657,7/16/1998,Country,839549,0.0102,22
658,7/26/1995,Musical Theatre,895432,0.0071,54
659,4/9/2012,Disco,1155107,0.001103,17
660,2/23/1997,Hip Hop,577524,0.004857,68
661,1/14/2015,Alternative Rock,33971,0.00575,66
662,3/7/1999,K-Pop,2614988,0.00513,4
663,10/9/2008,Acoustic,9671,0.014391,40
664,10/13/1998,Blues,2228599,0.01193,49
665,11/17/2003,Dubstep,4468,0.00658,45
666,8/31/1990,House,381462,0.00083,31
667,11/17/2004,Techno,4201002,0.00825,46
668,3/7/1991,Dance,5616,0.00085,33
669,6/18/2009,Orchestra,3003373,0.002371,1
670,4/25/1998,Indie Rock,1486460,0.007279,47
671,3/19/2006,Blues,779216,0.00934,18
672,10/22/2015,Death Metal,953499,0.015198,14
673,7/5/1995,Musical Theatre,1034478,0.006744,44
674,5/5/1998,Gospel,1033191,0.00128,15
675,10/15/1994,Pop,2299,0.008041,39
676,12/17/2001,Pop,661684,0.006093,9
677,3/19/1992,Country,1573465,0.00293,33
678,9/17/2012,Acoustic,7579,0.00606,14
679,2/8/2006,Folk,1552669,0.00777,18
680,6/12/2017,Heavy Metal,1148944,0.00248,30
681,6/23/2005,Country,976618,0.00724,6
682,4/4/2000,Acoustic,1033532,0.005852,1
683,10/16/1995,Jazz,1551312,0.00188,47
684,10/27/1997,Death Metal,788045,0.013874,3
685,9/4/2005,Disco,2701909,0.007252,68
686,8/23/2010,Hip Hop,2216182,0.00007,19
687,8/28/2018,Soul,712721,0.0048,10
688,1/15/2006,Electronic,4182,0.014424,35
689,7/31/2018,Indie Rock,1499299,0.002968,25
690,2/19/2011,Indie Rock,866642,0.00082,22
691,5/14/1996,Pop Rock,1415593,0.010327,32
692,12/2/2019,Gospel,119207,0.004054,65
693,3/27/1997,Hip Hop,1272439,0.00505,49
694,7/4/2010,Electronic,239186,0.004033,34
695,6/15/1999,Emo,3569,0.009203,21
696,2/17/2017,Disco,9732,0.00997,69
697,11/17/1992,Swing,770731,0.001321,55
698,4/12/2007,Contemporary R & B,2490,0.00587,23
699,1/15/1999,Funk,710004,0.00935,31
700,9/30/2016,Hymn,1338531,0.0018,38
701,12/17/1994,Disco,1579779,0.005145,64
702,7/3/2017,Soul,479530,0.00688,67
703,10/21/2014,House,2343474,0.005621,49
704,7/28/1998,Hip Hop,2086,0.002158,7
705,4/18/2020,Rock,443694,0.00171,55
706,9/17/1991,Emo,1229761,0.0049,62
707,11/10/2001,Blues,359299,0.006306,61
708,9/5/2003,Musical Theatre,440138,0.004322,28
709,4/18/1991,Heavy Metal,536228,0.011381,58
710,3/1/2011,Acoustic,1686907,0.00439,10
711,3/20/2011,Funk,568009,0.00161,52
712,2/23/1996,Rock,1550462,0.004105,37
713,10/9/2000,Hymn,785768,0.00408,25
714,7/25/2015,Dance,2473,0.004269,58
715,12/23/1996,Pop Rock,714830,0.00832,67
716,12/16/2004,Electronic Dance,1531602,0.001559,16
717,8/14/2015,Hip Hop,1082920,0.002721,53
718,5/21/2002,Pop,772311,0.00258,49
719,7/1/1990,Folk,1423170,0.003402,5
720,6/13/2010,Orchestra,379614,0.004024,34
721,5/5/1993,Reggae,1423546,0.0093,39
722,10/11/2010,Pop Rock,1112240,0.00686,65
723,2/12/1995,Electronic,886836,0.013999,54
724,2/4/1994,Techno,1317505,0.002819,69
725,8/23/2013,Funk,323329,0.009403,70
726,5/29/2005,Disco,672764,0.005768,2
727,6/28/1995,House,851197,0.001196,17
728,8/21/2015,K-Pop,609559,0.00779,59
729,9/17/1990,Electronic,791402,0.00216,70
730,8/10/1992,Emo,1155028,0.00354,8
731,5/11/2019,Punk Rock,607126,0.010926,16
732,2/25/2013,Dubstep,1040077,0.004158,24
733,11/16/2017,Alternative Rock,66248,0.00196,15
734,3/26/2015,Trance,916624,0.007052,24
735,7/2/2006,Punk Rock,1362903,0.00279,27
736,6/26/2001,K-Pop,4452,0.015947,34
737,4/2/1993,Instrumental,1452641,0.003773,51
738,7/14/1995,Contemporary R & B,1028472,0.00909,53
739,7/19/2014,Death Metal,347345,0.019646,19
740,4/8/1998,Folk,1021709,0.00831,51
741,11/3/1995,Blues,240865,0.00767,57
742,2/14/2003,Alternative Rock,692975,0.006049,70
743,8/5/1990,Musical Theatre,3736,0.0004,28
744,2/14/1996,Electronic,5684,0.015581,53
745,3/9/2001,Hymn,995435,0.011908,65
746,4/6/2014,Punk Rock,2768791,0.007648,1
747,11/16/2002,Pop,1343039,0.00979,28
748,9/28/2014,Electronic Dance,1458276,0.00087,40
749,9/28/2010,Disco,370069,0.00282,14
750,5/28/1999,Jazz,1307990,0.00145,14
751,3/1/2012,Dance,3459712,0.00767,63
752,6/15/1995,Orchestra,1458403,0.00806,57
753,10/30/2018,Acoustic,7727,0.00277,37
754,4/8/1993,Pop,1044444,0.00631,62
755,10/4/2005,Disco,1108,0.00743,4
756,8/24/2019,Soul,572847,0.010217,20
757,4/1/2003,Gospel,1717029,0.004309,41
758,2/22/2007,Heavy Metal,1188005,0.00069,60
759,11/20/2016,Soul,1629153,0.00619,43
760,4/9/2004,Alternative Rock,2126,0.0014,36
761,1/18/1993,Swing,703158,0.00321,53
762,7/20/1999,Instrumental,1597104,0.00972,32
763,7/16/2004,Electronic,4711,0.00092,47
764,12/12/1992,Techno,278223,0.00821,70
765,7/3/1993,Swing,6409,0.006231,29
766,9/14/2020,Pop Rock,2528742,0.00672,55
767,5/13/2009,Emo,2351569,0.00763,3
768,1/20/2001,Swing,2130,0.00351,61
769,11/24/2012,Soul,561681,0.003278,30
770,8/26/2018,Orchestra,3384665,0.008227,14
771,11/19/2004,Funk,914629,0.00178,56
772,1/24/2018,Electronic Dance,2732459,0.012335,29
773,1/3/2011,Acoustic,161816,0.00637,28
774,12/28/2014,Country,1724692,0.014759,27
775,1/20/2013,Rock,1755438,0.005224,53
776,8/30/2001,Punk Rock,5552,0.002503,34
777,10/5/2009,Indie Rock,2337559,0.007928,50
778,1/6/1991,Indie Rock,822433,0.005435,34
779,10/31/1997,Soul,2162904,0.00016,53
780,8/18/2016,Hymn,121486,0.00669,67
781,2/26/1990,Contemporary R & B,1498759,0.022309,64
782,1/8/2012,Death Metal,1608254,0.00881,25
783,11/19/2001,House,1748579,0.00114,38
784,11/15/1992,Heavy Metal,1802865,0.00682,27
785,1/16/1997,Reggae,7852,0.00935,16
786,8/6/1999,Punk Rock,796829,0.009381,26
787,11/12/2020,Trance,303116,0.005563,43
788,5/19/2008,Instrumental,5902,0.016743,40
789,11/4/2007,Folk,2101032,0.00971,4
790,6/4/2005,Emo,139397,0.006807,62
791,8/29/2018,Pop Rock,1179747,0.006939,12
792,4/12/1991,Dubstep,1293014,0.006141,69
793,8/2/2006,K-Pop,1521190,0.012322,39
794,5/17/1999,K-Pop,1550373,0.00275,25
795,5/18/2019,Emo,305210,0.006027,16
796,12/6/2007,K-Pop,1000,0.005963,1
797,5/31/1994,Dubstep,1086519,0.00185,29
798,5/20/2004,Hymn,500438,0.00691,62
799,7/11/2006,Contemporary R & B,1265750,0.004839,30
800,9/23/2014,Alternative Rock,2184761,0.00982,37
801,11/13/1997,Acoustic,2138461,0.011427,1
802,4/11/1999,Disco,9194,0.00388,48
803,8/10/1992,Classical,1828957,0.00718,40
804,10/5/1993,Orchestra,1379679,0.009794,66
805,9/19/2005,Blues,1146943,0.006862,65
806,2/5/2013,Rock,9036,0.022145,43
807,12/27/2014,Death Metal,1592984,0.012977,32
808,11/22/1995,Classical,1409319,0.00569,16
809,3/8/1996,Death Metal,7421,0.001799,41
810,8/6/2020,Gospel,8851,0.00089,16
811,6/24/2005,Soul,970578,0.0063,18
812,9/23/2009,Orchestra,1491280,0.003176,7
813,10/6/1997,Alternative Rock,1913468,0.018637,11
814,5/27/2007,Orchestra,534661,0.00125,55
815,12/1/1995,Alternative Rock,745000,0.009548,6
816,3/15/1991,Soul,794155,0.00604,33
817,2/23/2004,Swing,2301,0.00473,10
818,4/5/2014,Hip Hop,2463320,0.020583,42
819,4/6/2006,Folk,616560,0.00208,65
820,5/10/2011,Contemporary R & B,618517,0.007364,25
821,3/21/2017,Dubstep,825537,0.00774,37
822,4/25/1992,Contemporary R & B,69605,0.00312,56
823,3/29/2008,Pop,5647,0.00929,24
824,1/2/2013,K-Pop,2927096,0.019389,24
825,2/22/2010,Disco,492356,0.00783,9
826,9/2/2010,Pop Rock,5886,0.00458,28
827,11/7/1990,Blues,840971,0.00924,33
828,2/23/1990,Electronic,5800,0.00145,59
829,8/21/1990,Pop,3034175,0.013749,21
830,11/25/2020,Punk Rock,2237199,0.0019,30
831,8/22/1995,Electronic Dance,9709,0.003,40
832,2/7/2020,Techno,1624242,0.00589,14
833,2/16/1991,Electronic Dance,1716732,0.005769,54
834,5/8/2014,Classical,1676859,0.011346,14
835,6/17/2020,Dubstep,4021,0.002669,63
836,8/24/1994,Instrumental,2720734,0.00071,68
837,9/25/1994,Hip Hop,1170589,0.00847,25
838,1/3/1992,Jazz,1881122,0.006913,42
839,10/22/2010,Acoustic,1931935,0.00443,42
840,4/16/2020,K-Pop,552745,0.00228,24
841,11/28/2007,Electronic,1736244,0.009559,5
842,7/2/1992,Alternative Rock,308349,0.014777,28
843,10/9/1992,Classical,352502,0.00018,59
844,5/20/2015,Musical Theatre,2071085,0.012617,23
845,10/29/1993,House,7552,0.00068,50
846,4/23/2017,Rock,4837,0.00175,30
847,6/17/1997,Heavy Metal,1383461,0.006314,21
848,8/19/2003,House,9900,0.00311,42
849,7/23/2014,Heavy Metal,136969,0.01655,23
850,3/4/2012,Rock,4584,0.018871,37
851,9/5/1992,Funk,1574050,0.001572,43
852,7/7/2008,Classical,1222849,0.004379,10
853,1/26/2011,Swing,1722059,0.00164,32
854,1/27/1992,Emo,1363447,0.003382,43
855,3/12/2008,Folk,824028,0.016253,57
856,3/16/1995,Techno,2654897,0.00868,15
857,7/21/2000,Reggae,517058,0.003757,16
858,6/21/2014,Contemporary R & B,2551453,0.014061,51
859,9/17/2018,Blues,1396375,0.00139,6
860,12/3/2010,Alternative Rock,1305279,0.00026,70
861,7/17/1994,Contemporary R & B,1815177,0.00416,36
862,2/9/2013,Classical,1446935,0.00278,28
863,10/12/2004,Hip Hop,1406421,0.007738,38
864,11/16/2012,Contemporary R & B,7396,0.00436,35
865,7/30/2004,Country,1359592,0.002264,69
866,4/1/1999,Instrumental,1628877,0.00754,4
867,11/14/1992,Jazz,2740209,0.00635,6
868,11/10/2019,Dance,1004641,0.003944,24
869,9/26/1993,Trance,761722,0.00689,14
870,3/27/2011,House,3319,0.00011,60
871,12/5/2018,Orchestra,1362902,0.00859,50
872,3/13/2014,Reggae,9781,0.002149,9
873,10/21/1999,Pop,1379292,0.002274,54
874,10/29/2016,Musical Theatre,1611968,0.003012,60
875,4/25/1992,K-Pop,1854105,0.00951,20
876,2/12/1999,Gospel,2300531,0.016675,40
877,9/8/2000,Soul,996188,0.00783,20
878,10/12/1997,Instrumental,1876738,0.00441,25
879,1/13/1998,Death Metal,1821353,0.00128,14
880,10/5/2004,Punk Rock,1271545,0.00694,52
881,9/14/2010,Techno,1178529,0.002148,9
882,6/21/1996,Folk,266266,0.01226,54
883,7/26/1992,Heavy Metal,2167754,0.00104,27
884,7/28/1997,Jazz,898384,0.001809,27
885,9/2/1992,Alternative Rock,747412,0.00104,18
886,3/1/2003,Dubstep,1784715,0.00849,19
887,9/22/2009,Country,1483245,0.00249,52
888,6/20/2001,Pop Rock,5742,0.00733,16
889,9/16/1994,Orchestra,1360372,0.005644,40
890,10/7/2001,Acoustic,1042923,0.007477,70
891,1/15/2011,Alternative Rock,3979,0.003296,46
892,9/27/1998,Hip Hop,189786,0.00483,32
893,5/11/2003,Funk,6796,0.008779,3
894,11/18/1994,Alternative Rock,446007,0.00141,26
895,11/24/2012,Pop,620038,0.00014,54
896,8/13/2015,Dubstep,1013,0.002251,38
897,5/13/2004,Folk,502429,0.004315,26
898,11/24/2003,Acoustic,1012483,0.00868,43
899,1/9/1993,Indie Rock,1391677,0.00796,46
900,12/21/1998,Disco,530488,0.003854,56
901,9/23/2004,House,8520,0.006028,69
902,3/13/1995,Contemporary R & B,561259,0.00363,21
903,2/3/2015,Alternative Rock,7882,0.00931,48
904,8/25/2008,Musical Theatre,1033006,0.005118,21
905,1/6/2003,Death Metal,926022,0.00305,67
906,8/26/1991,Indie Rock,7221,0.0086,55
907,9/30/1993,Hymn,7371,0.016153,58
908,1/13/2009,Punk Rock,1418340,0.00048,65
909,5/28/2002,Swing,8068,0.00216,21
910,8/23/2018,Emo,1438271,0.003699,11
911,1/8/2009,Dance,861811,0.007495,39
912,11/6/1993,Rock,3693,0.0006,28
913,2/15/1994,Disco,1178303,0.006033,7
914,2/7/2020,Hip Hop,1138022,0.00147,70
915,11/6/2004,Soul,4176,0.00903,18
916,3/7/2002,Indie Rock,578946,0.00023,57
917,9/27/1998,Blues,1520245,0.0054,29
918,2/6/2018,House,895042,0.00549,50
919,8/22/2003,Pop,1390,0.00875,47
920,7/31/1999,Alternative Rock,2284440,0.008469,20
921,7/5/1996,Acoustic,181894,0.013027,46
922,8/12/2009,Electronic Dance,1840125,0.00792,29
923,3/22/2020,Electronic,2936410,0.004859,46
924,7/16/2012,Electronic,246779,0.00415,45
925,2/2/2001,Techno,9202,0.00891,16
926,5/20/2000,Electronic Dance,992590,0.001715,8
927,12/19/2016,Swing,1445358,0.005522,60
928,1/2/2006,Death Metal,2085,0.00625,41
929,6/2/2007,Swing,370787,0.001967,28
930,10/13/1993,Alternative Rock,1376,0.003948,32
931,12/6/2007,Folk,9745,0.025935,44
932,3/6/2000,Alternative Rock,780440,0.00156,13
933,10/23/2016,K-Pop,1667520,0.001114,7
934,9/5/2009,Death Metal,256259,0.01296,47
935,11/8/2005,Heavy Metal,1568565,0.006826,42
936,11/18/2018,Contemporary R & B,1825,0.004368,56
937,8/29/1997,Hymn,788103,0.00692,57
938,5/6/1995,Jazz,9015,0.011085,61
939,4/8/1991,Techno,991584,0.011614,38
940,9/13/2004,Pop Rock,1440950,0.00139,68
941,8/7/2001,Reggae,9001,0.019977,2
942,11/30/2012,Emo,2252769,0.002175,9
943,12/4/1995,Blues,724354,0.010686,19
944,9/3/2005,Folk,262666,0.017848,59
945,9/29/1996,Funk,339326,0.003915,46
946,10/12/2010,Pop,851509,0.00321,46
947,8/29/2018,Orchestra,236050,0.01732,44
948,3/17/2002,Country,5530,0.00276,33
949,9/19/2011,Death Metal,9297,0.002899,43
950,2/9/2014,Musical Theatre,1566341,0.00237,30
951,9/6/1997,Swing,2600900,0.0044,57
952,6/5/2019,Punk Rock,1196016,0.004696,3
953,4/26/2006,Punk Rock,844999,0.019289,4
954,10/23/2010,Indie Rock,1511664,0.023205,69
955,4/25/2018,Swing,1966,0.00362,35
956,8/24/1996,Techno,1537766,0.00309,67
957,8/26/2001,Gospel,2095371,0.010768,23
958,1/30/2003,Reggae,2000651,0.019367,59
959,7/9/1994,Techno,621606,0.016453,47
960,1/8/2002,Alternative Rock,9442,0.00078,66
961,2/10/1997,Disco,2280941,0.00778,17
962,5/3/2013,Rock,1946853,0.010647,25
963,5/17/2002,House,698843,0.011407,12
964,12/26/2000,Dance,202659,0.00477,40
965,9/22/1992,Disco,1592074,0.004296,19
966,9/8/2019,Musical Theatre,2270009,0.00452,21
967,12/3/2014,Emo,440278,0.005957,65
968,10/20/2009,Reggae,1538304,0.00088,41
969,12/18/2005,Folk,1830207,0.00035,28
970,9/22/1990,Electronic Dance,1466041,0.008215,27
971,3/5/1998,Electronic Dance,1899911,0.00296,1
972,7/5/2012,Folk,1656982,0.010465,46
973,12/15/1998,Acoustic,3008702,0.018678,56
974,11/28/2010,Instrumental,871259,0.007272,42
975,12/9/2006,Trance,2860849,0.008535,51
976,2/19/2007,Heavy Metal,2054118,0.00747,56
977,2/28/2013,Trance,1744686,0.00215,50
978,6/16/1995,Disco,1600792,0.012177,2
979,4/20/1996,Heavy Metal,1604132,0.00861,38
980,3/14/2019,Electronic Dance,1128583,0.00439,45
981,6/16/1993,Rock,105582,0.00381,54
982,10/9/2010,Country,485057,0.00478,10
983,12/2/2012,Reggae,846456,0.008765,50
984,4/29/2010,Acoustic,1035928,0.013373,26
985,3/24/2001,Soul,1259709,0.00749,51
986,7/4/2008,Gospel,1159751,0.005969,39
987,1/20/2014,Blues,1329009,0.00381,33
988,5/3/2007,Jazz,4038,0.00398,20
989,3/11/2016,Contemporary R & B,8122,0.015669,49
990,2/17/1995,Gospel,7329,0.00251,9
991,11/2/2010,Death Metal,1464650,0.00326,29
992,2/11/2010,Musical Theatre,1538989,0.00982,6
993,2/17/2012,Jazz,809728,0.002563,27
994,7/1/2005,Reggae,240283,0.00617,49
995,10/5/1996,Dubstep,96440,0.00644,26
996,6/17/2016,Classical,469594,0.00356,3
997,10/30/1995,Pop Rock,274894,0.00362,70
998,11/15/2015,Trance,2259389,0.00301,21
999,8/11/2008,K-Pop,994364,0.006513,38
1000,5/14/1993,Dubstep,1216147,0.002891,49
1001,7/13/2000,Indie Rock,9246,0.00247,38
1002,2/12/2005,Country,265895,0.00245,5
1003,3/26/2001,Classical,2696649,0.0008,20
1004,3/13/2012,Funk,1273258.77,0.00085,15
1005,8/28/2015,Electronic Dance,137764.39,0.00045,61
1006,5/22/2017,Indie Rock,452615.62,0.00629,2
1007,7/15/2007,Folk,1432948.54,0.013393,47
1008,8/12/2017,Techno,1760390.98,0.00091,20
1009,5/2/2008,Ambient,1616643.85,0.008689,59
1010,11/9/2010,Indie Rock,4592,0.00033,21
1011,5/24/2009,Reggae,731588.25,0.018114,42
1012,9/7/2001,Pop,1671214.3,0.00087,47
1013,8/5/2016,Heavy Metal,909102.99,0.013262,60
1014,4/29/2015,Singing,673382.28,0.015481,12
1015,10/23/2015,Alternative Rock,1518167.1,0.002491,56
1016,1/18/2017,Instrumental,5255,0.015076,3
1017,5/5/2008,Rock,1774625.31,0.00979,14
1018,11/8/2010,Contemporary R&B,2765489,0.001004,16
1019,9/1/2004,Hymn,248718.04,0.018737,12
1020,3/26/2012,Industrial Music,1363420.59,0.004719,60
1021,2/8/2010,Techno,238368.86,0.008052,8
1022,9/15/2008,Swing,1167179.35,0.009696,55
1023,10/29/2011,Rhythm and Blues,1310690.83,0.00935,9
1024,3/14/2008,Musical Theatre,1023761.78,0.013995,10
1025,3/11/2005,Pop,5763,0.001761,70
1026,1/24/2017,Country,6706,0.0086,49
1027,3/15/2013,Trance,361610.74,0.00657,66
1028,3/14/2009,Heavy Metal,7050,0.0092,60
1029,6/27/2007,Trance,1860805,0.001796,38
1030,7/29/2002,Folk,1188027.73,0.003309,37
1031,2/23/2001,Soul,1880738.31,0.00487,62
1032,3/14/2018,Reggae,2269250,0.0024,50
1033,12/27/2004,Pop Rock,1392795.26,0.003913,2
1034,8/27/2016,Emo,503564.61,0.011722,53
1035,2/5/2005,Folk,567646.55,0.00598,28
1036,8/26/2004,Indie Rock,1140791.11,0.0076,43
1037,1/15/2004,World,1240468.81,0.0099,68
1038,11/25/2015,Industrial Music,25016.8,0.009566,6
1039,9/6/2009,Classical,755444.85,0.00211,37
1040,3/19/2002,Country,1234511.53,0.001771,46
1041,5/5/2004,Swing,1336468.92,0.00367,42
1042,5/14/2000,Pop Rock,147455.26,0.00538,62
1043,8/8/2018,Musical Theatre,58193.07,0.00117,32
1044,7/16/2013,Disco,936027.17,0.010693,66
1045,7/20/2015,Emo,2184216.91,0.01756,31
1046,9/25/2015,KPop,871661.65,0.006037,66
1047,2/26/2016,Orchestra,1920097.75,0.003041,66
1048,3/28/2017,Heavy Metal,2305648,0.013614,1
1049,4/4/2004,Rock,961663,0.008066,15
1050,1/7/2018,Orchestra,1270669.9,0.0041,55
1051,4/30/2005,Swing,234165.1,0.00161,39
1052,5/27/2014,Pop,1202599.58,0.00987,42
1053,8/6/2002,Musical Theatre,1936765.88,0.013634,12
1054,3/6/2004,Contemporary R&B,1331982.58,0.00679,60
1055,11/27/2002,Country,566233.44,0.00988,53
1056,11/23/2017,Hip Hop,1503112.8,0.00139,26
1057,11/22/2006,Techno,1121129.74,0.010676,17
1058,7/30/2018,Contemporary R&B,1829747.52,0.00085,63
1059,3/6/2016,Pop Rock,1097778.68,0.004248,33
1060,10/9/2018,Country,1325472.98,0.010726,66
1061,9/30/2012,Funk,2411688,0.013204,57
1062,7/1/2016,KPop,2543,0.001135,64
1063,4/18/2008,Contemporary R&B,1804307.8,0.00051,39
1064,2/2/2015,Reggae,2026623.21,0.004493,67
1065,1/7/2006,Country,521350.58,0.00752,51
1066,1/26/2008,KPop,1039062.23,0.00248,61
1067,8/1/2005,Classical,843643.88,0.011436,45
1068,2/13/2012,House,2370218.77,0.00828,36
1069,12/27/2000,Grunge,1273,0.010157,11
1070,5/15/2000,Musical Theatre,1140132.06,0.018919,4
1071,12/12/2008,Soul,1329560.6,0.021003,22
1072,11/27/2014,Electronic Dance,563417.08,0.00325,57
1073,9/3/2007,Disco,2024026.39,0.00362,26
1074,2/1/2015,Soul,447697.91,0.013363,63
1075,10/6/2005,Trance,1173188,0.002494,35
1076,8/10/2001,Rhythm and Blues,3147693.28,0.00711,40
1077,5/29/2007,Punk,1555311.52,0.00461,5
1078,6/21/2003,Reggae,2614971,0.00164,6
1079,12/18/2005,Country,904722.23,0.01183,53
1080,11/29/2010,Singing,1048644.22,0.00821,35
1081,2/14/2017,Electronic,2009450.97,0.005724,40
1082,8/19/2015,Swing,860048.7,0.016907,56
1083,5/10/2004,Folk,1025890.09,0.034389,39
1084,6/17/2014,Singing,106260.51,0.00711,46
1085,9/29/2005,Funk,1829192.68,0.016255,12
1086,8/21/2017,Techno,514686.54,0.007941,18
1087,6/12/2013,Emo,912098.21,0.007018,46
1088,5/27/2007,Alternative Rock,1842742.86,0.00982,37
1089,11/17/2010,KPop,1265882,0.00758,43
1090,10/11/2009,Grunge,389873.7,0.00453,18
1091,11/5/2018,Jazz,3149190.29,0.00828,13
1092,4/8/2009,Rock,1029088.08,0.020022,19
1093,10/3/2004,House,721771,0.00021,65
1094,7/8/2017,Soul,1574002.81,0.002225,3
1095,1/7/2010,Techno,2322,0.016317,36
1096,4/12/2014,Pop Rock,1475828.94,0.00202,50
1097,12/12/2013,Disco,289197.37,0.011343,56
1098,10/10/2007,Trance,1057125,0.00311,40
1099,9/14/2009,Disco,2151430.33,0.00604,57
1100,12/26/2007,Heavy Metal,1440763.02,0.00023,47
1101,9/27/2009,Folk,554248.05,0.00486,61
1102,4/1/2018,Reggae,1931307.74,0.004023,2
1103,11/27/2015,Hymn,5776,0.0001,14
1104,10/20/2000,Ambient,1145696.57,0.00246,32
1105,3/14/2011,Instrumental,4704,0.009863,59
1106,10/8/2011,Musical Theatre,1850501.09,0.00973,44
1107,5/29/2006,Orchestra,2448971,0.00891,67
1108,7/10/2014,Soul,2384852.43,0.00431,34
1109,11/13/2001,Reggae,665120.5,0.00169,43
1110,1/15/2004,Trance,97107.37,0.008682,19
1111,7/7/2008,Emo,1311571.73,0.003292,54
1112,2/19/2001,Reggae,752103.51,0.00077,61
1113,6/20/2012,Musical Theatre,305018.43,0.00495,35
1114,7/29/2009,Trance,2106317,0.010962,63
1115,8/12/2004,KPop,8930,0.0064,3
1116,4/7/2012,Electronic Dance,1376909.65,0.002085,9
1117,8/12/2006,Classical,1659278.09,0.00685,35
1118,4/4/2012,Pop Rock,3070101.7,0.008391,3
1119,4/23/2007,Pop,1580041.66,0.00974,12
1120,10/28/2005,Classical,5482,0.019137,58
1121,1/21/2012,Emo,2315711.72,0.00565,26
1122,6/21/2002,KPop,1029313.74,0.011045,65
1123,2/10/2013,Pop,1195545.2,0.00476,43
1124,2/29/2004,Indie Rock,4785,0.00151,59
1125,4/2/2017,Gospel,1580089.79,0.00039,12
1126,7/4/2008,Grunge,1028801.24,0.00104,30
1127,12/27/2004,Trance,2026338.07,0.00571,69
1128,7/12/2018,Heavy Metal,194991.86,0.009381,68
1129,1/24/2016,Instrumental,840968,0.00112,16
1130,2/23/2009,Indie Rock,1843949.76,0.00896,22
1131,10/12/2014,Soul,1137707.66,0.00267,16
1132,5/20/2008,Funk,3075501.94,0.002663,47
1133,5/9/2010,Reggae,691237.28,0.010669,52
1134,8/9/2009,World,2424274.41,0.00751,68
1135,2/13/2016,House,1400988.72,0.00735,42
1136,5/26/2003,Pop Rock,1766985,0.009448,22
1137,11/26/2010,Disco,1236818.87,0.001048,8
1138,1/26/2016,Country,1531661.12,0.003991,40
1139,6/19/2010,House,6819,0.00903,67
1140,5/16/2009,Blues,758660.52,0.021342,3
1141,11/30/2000,Classical,2042422,0.00525,26
1142,2/21/2007,Industrial Music,45611.73,0.010716,8
1143,8/24/2010,Hymn,1123011.49,0.00737,10
1144,8/17/2004,Musical Theatre,2441394.37,0.006738,40
1145,8/11/2013,Hip Hop,2225656.66,0.00284,9
1146,8/7/2016,Techno,1382,0.00338,22
1147,11/13/2015,Singing,2517580,0.00116,49
1148,2/3/2002,Country,1358191,0.012686,10
1149,6/29/2001,KPop,1029560.19,0.011521,31
1150,1/1/2011,Swing,513409.82,0.00155,55
1151,9/27/2011,House,3206012.45,0.00208,59
1152,7/5/2007,Pop Rock,345907.7,0.007076,51
1153,2/14/2018,Reggae,758538.75,0.00699,51
1154,9/22/2007,Folk,1092913.42,0.00655,51
1155,10/4/2016,Funk,1541850.16,0.013182,58
1156,3/8/2002,Emo,2408528.14,0.020317,7
1157,4/6/2010,Singing,486062.57,0.00313,7
1158,12/26/2003,Country,41392.07,0.00497,20
1159,11/15/2018,Pop,1550308.58,0.003754,18
1160,9/5/2008,Gospel,2008316.6,0.013604,15
1161,11/15/2011,Funk,431466.02,0.007172,41
1162,11/25/2003,Blues,4971,0.003173,15
1163,10/26/2001,Hip Hop,828665.59,0.00187,9
1164,10/24/2011,Grunge,638890.5,0.00625,56
1165,10/28/2011,Jazz,1100108.8,0.00851,4
1166,11/30/2002,Hymn,2724241.08,0.00522,62
1167,1/16/2011,Folk,9390,0.00715,32
1168,12/21/2001,Orchestra,156695.6,0.006896,37
1169,1/15/2017,Orchestra,6921,0.002095,66
1170,9/8/2016,Musical Theatre,2550489.22,0.01139,43
1171,6/18/2010,Contemporary R&B,1239837.69,0.00065,39
1172,7/19/2015,Folk,9122,0.001769,5
1173,5/22/2011,Hip Hop,1925331.06,0.001937,15
1174,12/15/2007,Grunge,1570889.5,0.008021,15
1175,9/1/2018,Rock,1804426.57,0.001,21
1176,10/30/2017,Industrial Music,2961,0.001783,25
1177,4/13/2014,Swing,1300142.42,0.00973,59
1178,3/14/2003,Musical Theatre,1438581.21,0.009476,37
1179,3/24/2018,Emo,6129,0.00237,24
1180,6/4/2018,Pop,2149421,0.00368,7
1181,4/21/2000,Ambient,3360414.1,0.014838,2
1182,2/12/2008,Soul,992339.91,0.00609,18
1183,1/5/2004,Singing,1896606.91,0.00734,25
1184,9/15/2017,Hymn,1016925.78,0.004001,16
1185,5/10/2000,Hip Hop,386448.48,0.00258,15
1186,5/21/2004,Heavy Metal,2758535.25,0.00937,23
1187,7/27/2018,Blues,1090611,0.002196,43
1188,7/21/2008,Ambient,1017982.91,0.00392,34
1189,3/1/2009,Hip Hop,1030772.66,0.007651,14
1190,8/26/2010,Pop,2519836.62,0.004,57
1191,12/24/2001,Disco,8666,0.012814,22
1192,2/5/2017,Rhythm and Blues,673088.59,0.00177,69
1193,10/1/2004,Funk,6469,0.00031,32
1194,4/8/2018,Instrumental,1973392,0.00679,20
1195,6/4/2005,Swing,504860.3,0.00606,40
1196,4/29/2000,Punk,3059518.13,0.00358,6
1197,10/30/2018,Reggae,88400.96,0.002202,67
1198,1/20/2014,Singing,4254508,0.00756,27
1199,6/15/2008,KPop,490788.29,0.00421,14
1200,10/14/2007,Funk,1377755.96,0.002747,31
1201,1/21/2001,Reggae,45862.67,0.001903,31
1202,7/28/2014,Pop,3836,0.0101,42
1203,11/29/2010,Hip Hop,2574658.37,0.003572,30
1204,4/9/2004,Gospel,1771900.52,0.00912,22
1205,11/30/2001,Techno,6803,0.005627,58
1206,5/31/2005,Hymn,1115623.58,0.00463,45
1207,1/26/2013,Ambient,2752992,0.00363,1
1208,7/2/2005,Reggae,4724,0.0046,8
1209,3/22/2004,House,4090,0.00146,38
1210,3/3/2010,Heavy Metal,1215887.51,0.004,9
1211,7/11/2000,Hymn,144631.83,0.00689,63
1212,12/17/2000,Pop,2556360,0.00713,41
1213,7/3/2001,Hip Hop,704941.36,0.005795,57
1214,2/29/2004,World,1064068.17,0.001142,25
1215,5/20/2000,Funk,1534224.54,0.00723,55
1216,6/22/2014,Reggae,493781.89,0.00737,36
1217,4/23/2009,Trance,1064671.66,0.0041,48
1218,6/22/2002,Singing,1683497,0.011725,59
1219,12/7/2006,Indie Rock,1708275.69,0.00853,53
1220,6/9/2007,Folk,22185.98,0.00726,24
1221,6/16/2015,Blues,445579,0.006042,70
1222,4/25/2006,Blues,1799939.9,0.00123,63
1223,10/11/2017,Rhythm and Blues,351308.8,0.00501,9
1224,3/21/2018,Techno,39480.06,0.030675,16
1225,1/10/2000,Singing,1828902,0.01516,16
1226,8/21/2009,Punk,1742538.76,0.00505,68
1227,9/27/2006,Alternative Rock,252521.87,0.002047,52
1228,8/22/2000,Rock,231232.95,0.006642,21
1229,7/4/2001,Reggae,2394476,0.00415,25
1230,3/8/2007,Electronic,1784620.67,0.00027,61
1231,10/14/2005,World,1173026.61,0.00997,11
1232,8/19/2015,Indie Rock,1201877.4,0.002398,66
1233,9/8/2009,Singing,1413952,0.010983,46
1234,2/22/2011,Swing,848343.89,0.00813,2
1235,12/15/2008,Grunge,1537202,0.00978,11
1236,9/19/2007,Singing,1090622.2,0.012345,27
1237,6/2/2003,Orchestra,32489.93,0.00899,47
1238,4/18/2014,Musical Theatre,2264561.59,0.014441,67
1239,9/2/2011,Gospel,1524702.66,0.008166,37
1240,12/6/2003,Ambient,1404374.13,0.002025,29
1241,7/11/2016,World,1085503,0.00721,69
1242,11/28/2009,Techno,2305883.29,0.006695,50
1243,4/27/2004,Hymn,1429078.64,0.00569,21
1244,12/9/2016,Punk,1511648.08,0.010305,70
1245,11/7/2000,Hip Hop,1499501.85,0.00673,6
1246,5/22/2015,Trance,7831,0.00542,4
1247,6/23/2013,Singing,862856.05,0.015454,31
1248,11/14/2011,Musical Theatre,2916957.4,0.00802,69
1249,1/17/2015,Pop,1081,0.00906,14
1250,6/12/2003,Funk,2003346.86,0.00126,24
1251,12/7/2008,Singing,2103029.34,0.00724,59
1252,11/10/2018,Pop,1377105.75,0.011489,51
1253,10/8/2010,Country,218396.14,0.00987,69
1254,8/11/2010,Funk,1233318.44,0.00519,54
1255,10/13/2001,Heavy Metal,721127.49,0.00538,11
1256,3/19/2000,Reggae,735903.62,0.00338,45
1257,10/25/2017,Reggae,308115.65,0.002868,55
1258,3/19/2002,Singing,368501.25,0.00738,52
1259,7/20/2014,House,7059,0.00191,42
1260,2/24/2015,Soul,1274535.38,0.012335,35
1261,11/26/2009,Reggae,2957277.8,0.001334,10
1262,9/11/2002,Orchestra,5299,0.00796,35
1263,1/29/2001,Punk,889452.29,0.010289,10
1264,4/12/2005,Techno,238127.58,0.00699,28
1265,5/9/2010,Grunge,2531350.7,0.00494,65
1266,2/8/2000,Hymn,318523.03,0.002055,16
1267,3/3/2014,Pop Rock,1571006.24,0.00871,25
1268,3/5/2006,Emo,297463.54,0.00859,52
1269,11/17/2017,Disco,1003,0.009359,28
1270,1/28/2015,Electronic Dance,1561942,0.006105,46
1271,3/19/2017,House,749622.74,0.00893,40
1272,4/16/2003,Reggae,2230469.98,0.008545,18
1273,6/9/2005,Singing,1153243.28,0.00598,56
1274,4/13/2015,Rock,461933.54,0.010108,50
1275,11/6/2009,Pop,755573.11,0.005702,9
1276,1/9/2014,Disco,1982080,0.00145,18
1277,11/4/2016,Heavy Metal,948829.29,0.00488,63
1278,9/2/2007,Pop,2794488.37,0.004332,49
1279,9/13/2014,Ambient,1042,0.007709,24
1280,2/7/2017,Swing,1272674.26,0.006084,8
1281,5/28/2017,Blues,1666,0.008421,64
1282,8/25/2013,Hip Hop,1179833.12,0.006279,9
1283,10/4/2001,Reggae,1696119.62,0.00075,69
1284,8/27/2006,Industrial Music,2728429,0.00644,18
1285,1/16/2014,Alternative Rock,909771.82,0.00263,59
1286,11/30/2007,Dance,209514.92,0.004147,52
1287,2/14/2004,Jazz,395722.07,0.00818,57
1288,4/7/2013,Electronic,5668,0.00759,67
1289,10/6/2008,Hip Hop,897788.82,0.00409,50
1290,6/14/2015,Electronic,8220,0.005348,29
1291,3/29/2018,Swing,108398,0.00125,63
1292,5/17/2004,Soul,1139776.86,0.00809,45
1293,5/26/2007,World,8882,0.00444,20
1294,6/13/2008,Pop,2943,0.006237,37
1295,8/16/2017,Rock,1283138.01,0.00831,21
1296,8/4/2006,Jazz,1017180.43,0.011354,23
1297,9/17/2001,Punk,2734818.84,0.001091,28
1298,1/26/2013,Alternative Rock,4216,0.00958,33
1299,4/9/2005,Punk,1285740.44,0.00641,6
1300,5/2/2001,Grunge,1073203.77,0.00881,34
1301,6/16/2010,Instrumental,1728880.59,0.014727,55
1302,8/3/2004,Pop,1621615.7,0.024219,38
1303,3/8/2001,Classical,1165840.23,0.00879,58
1304,6/30/2015,Funk,12734.17,0.00416,35
1305,2/24/2013,Hymn,4011,0.00597,27
1306,10/12/2012,Alternative Rock,1649545.5,0.006331,11
1307,6/16/2010,Rhythm and Blues,4151758,0.002513,48
1308,12/14/2014,Classical,1072726.07,0.00111,52
1309,1/6/2011,Ambient,1349780.68,0.00542,59
1310,1/16/2008,Hymn,1973553.98,0.006542,37
1311,10/29/2013,Contemporary R&B,2725188.83,0.00122,23
1312,12/30/2016,House,1505750.74,0.00616,13
1313,5/8/2010,Blues,6797,0.00296,12
1314,4/8/2016,Orchestra,1332367.44,0.00351,44
1315,4/4/2002,Electronic Dance,6703,0.00864,32
1316,10/1/2017,Musical Theatre,1824370.42,0.00924,50
1317,10/20/2016,Rock,1246202.78,0.004697,17
1318,6/6/2017,Hip Hop,1688,0.015331,64
1319,5/27/2015,Heavy Metal,472404.71,0.00857,24
1320,1/16/2004,Electronic Dance,2039562.04,0.004211,37
1321,8/6/2012,Rock,753606.76,0.005044,69
1322,3/11/2008,Hip Hop,3464874.4,0.001209,55
1323,1/15/2015,Folk,2925,0.00513,65
1324,3/19/2006,Emo,860462.69,0.0083,64
1325,11/10/2003,Emo,1305220.36,0.0053,60
1326,3/4/2011,Emo,293496.81,0.001359,38
1327,5/21/2008,Dance,1796452,0.002688,15
1328,11/9/2016,Blues,2236018.97,0.006665,16
1329,3/19/2018,House,1904814.45,0.013856,32
1330,4/15/2008,Electronic,206308.38,0.00621,3
1331,12/5/2018,Electronic,1694585.58,0.0082,56
1332,4/10/2010,Ambient,505542.47,0.00155,11
1333,3/23/2011,Techno,2359802.56,0.00908,67
1334,11/14/2007,Electronic Dance,2028694,0.00714,7
1335,5/29/2009,Disco,1495796.29,0.023665,58
1336,10/5/2013,Blues,958582.08,0.00143,20
1337,6/22/2016,Gospel,1199131.38,0.00575,8
1338,6/23/2007,Rock,1673148,0.002226,4
1339,3/3/2000,Swing,286154.32,0.002826,50
1340,7/11/2008,Trance,795173.46,0.00924,33
1341,8/19/2015,Country,1691003.83,0.00297,31
1342,12/5/2005,World,1500578.55,0.016909,45
1343,6/26/2016,Jazz,5980,0.00377,11
1344,11/27/2018,Gospel,850129.41,0.005316,53
1345,6/24/2001,Blues,1213,0.00992,3
1346,12/14/2017,Heavy Metal,9934,0.022127,38
1347,9/22/2017,KPop,2520954,0.00136,13
1348,5/2/2012,Pop,1083130,0.01005,53
1349,6/24/2016,KPop,1505496.8,0.00571,46
1350,2/8/2011,Reggae,8593,0.018279,28
1351,4/18/2007,Musical Theatre,4583,0.013553,62
1352,6/12/2012,Trance,971061.18,0.008656,3
1353,10/3/2003,World,155808.62,0.00013,26
1354,9/25/2003,Hymn,2715553,0.006178,12
1355,4/1/2014,Pop Rock,2804479.74,0.00633,32
1356,10/23/2014,Classical,7371,0.003495,33
1357,7/23/2000,Singing,1438232.32,0.00233,62
1358,1/29/2008,Ambient,474222.14,0.00146,31
1359,10/24/2011,Hymn,1029504.25,0.00448,45
1360,10/10/2005,Singing,1693939.07,0.00567,67
1361,2/3/2002,KPop,1408484.13,0.01114,1
1362,12/7/2013,Gospel,1826275.8,0.004831,69
1363,11/9/2009,Pop Rock,556141.87,0.00757,36
1364,11/3/2009,Contemporary R&B,1400241.46,0.00765,14
1365,7/20/2017,World,2310523.43,0.020912,48
1366,8/18/2004,Alternative Rock,455906.61,0.002406,58
1367,3/20/2006,Soul,1432587.75,0.00992,56
1368,6/30/2018,Jazz,1636974.87,0.00245,14
1369,1/7/2014,Pop,1254,0.001096,7
1370,1/2/2008,Heavy Metal,3918,0.00782,45
1371,5/11/2017,Singing,7016,0.006832,26
1372,8/15/2004,Disco,1773300.39,0.00776,45
1373,3/20/2012,Ambient,2156927.29,0.002132,70
1374,9/17/2015,Orchestra,1303819.31,0.00511,15
1375,5/7/2018,Instrumental,1911825.99,0.00504,2
1376,9/12/2017,Disco,1150,0.00891,41
1377,10/24/2016,Pop Rock,268847.59,0.013394,57
1378,12/1/2009,Heavy Metal,1173779.88,0.011093,12
1379,9/7/2007,Musical Theatre,2264655.22,0.00578,64
1380,8/28/2011,Pop,2569807.31,0.018678,41
1381,6/25/2000,Punk,1378598.31,0.005768,63
1382,12/28/2000,Rhythm and Blues,335685.4,0.001088,69
1383,4/28/2015,Contemporary R&B,2539147.12,0.00165,21
1384,3/10/2015,Hymn,6683,0.00584,40
1385,1/21/2001,Contemporary R&B,1751,0.00991,48
1386,2/13/2013,Techno,1702060.75,0.00308,7
1387,3/22/2009,Classical,9830,0.00516,39
1388,1/30/2002,Hip Hop,1286748.84,0.00236,65
1389,8/23/2004,Alternative Rock,806751.05,0.0022,40
1390,8/29/2018,Techno,1745882.28,0.003407,48
1391,10/3/2000,Rock,5002,0.00666,40
1392,12/7/2003,Pop,727789.43,0.00311,11
1393,6/2/2002,Punk,1108561,0.012114,28
1394,7/10/2013,Pop Rock,2549512.44,0.00691,53
1395,8/11/2016,World,2060562,0.020056,60
1396,3/1/2013,Gospel,2271595,0.00982,35
1397,1/23/2010,Classical,1179,0.00133,53
1398,10/5/2009,Musical Theatre,1784599.06,0.00445,4
1399,3/14/2016,Dance,895464.76,0.003398,50
1400,1/13/2004,Grunge,1928061,0.015268,5
1401,9/6/2017,Grunge,1494124.89,0.00981,40
1402,9/24/2002,Rhythm and Blues,664855.42,0.016359,39
1403,2/21/2006,Pop Rock,2881489.06,0.00809,49
1404,10/6/2003,Contemporary R&B,715854,0.001833,10
1405,10/11/2013,Electronic Dance,3256382,0.006604,42
1406,3/15/2006,Pop,3434,0.0059,49
1407,3/10/2012,Musical Theatre,9647,0.00229,7
1408,5/26/2006,KPop,2292021.45,0.005503,56
1409,8/15/2006,Contemporary R&B,1080767.79,0.002135,48
1410,8/6/2015,Grunge,2951030.47,0.00642,43
1411,9/4/2014,Industrial Music,8553,0.00471,66
1412,10/22/2011,Funk,691275,0.010036,54
1413,8/22/2013,Grunge,300841,0.009561,35
1414,2/3/2012,Disco,468785.41,0.00661,29
1415,10/8/2018,Industrial Music,7808,0.016235,17
1416,9/26/2003,Punk,1955257.39,0.00686,43
1417,10/30/2018,Gospel,2804982.09,0.00837,26
1418,9/14/2011,Pop,2208895,0.00675,23
1419,11/4/2005,Reggae,263613.59,0.004413,16
1420,10/17/2000,Pop,946793.99,0.00654,23
1421,10/31/2009,Disco,9259,0.00985,66
1422,9/28/2008,Gospel,491540.24,0.014304,56
1423,4/8/2002,Blues,1121,0.008355,56
1424,9/27/2013,Funk,1428648,0.020302,10
1425,1/9/2018,Rock,221988.22,0.00092,25
1426,6/19/2012,Trance,1953178,0.00463,13
1427,11/11/2006,Gospel,851487,0.011345,52
1428,7/21/2016,Gospel,197266.35,0.006477,63
1429,4/13/2011,Dance,662152.05,0.00645,35
1430,5/30/2015,Emo,1103487.02,0.00819,12
1431,6/16/2004,Dance,826305.93,0.004185,9
1432,11/25/2006,Disco,1126784.57,0.00795,48
1433,10/23/2016,Alternative Rock,148309.32,0.004254,9
1434,9/22/2011,Alternative Rock,1044535.9,0.00481,4
1435,3/7/2012,Singing,2119837,0.018235,7
1436,9/12/2015,Techno,1569018.12,0.009185,18
1437,11/12/2017,Classical,1126248.45,0.002907,48
1438,12/15/2008,KPop,217912.44,0.010129,63
1439,12/31/2008,Pop Rock,8033,0.010352,34
1440,5/22/2018,Heavy Metal,875788.54,0.025003,31
1441,10/12/2005,Grunge,6288,0.00856,27
1442,9/16/2004,Rhythm and Blues,1301615.73,0.017318,36
1443,9/11/2010,Disco,1782800.75,0.00587,9
1444,3/29/2012,Contemporary R&B,1919045.68,0.001713,70
1445,3/27/2000,Alternative Rock,82178.61,0.006165,50
1446,12/18/2011,Trance,2334853.5,0.00266,66
1447,6/6/2016,Musical Theatre,943374.16,0.006568,67
1448,6/22/2014,Indie Rock,1899767.84,0.00121,29
1449,11/12/2018,Pop,2278872,0.007928,11
1450,10/2/2014,Soul,2133,0.00151,64
1451,4/1/2001,Hip Hop,1310255.14,0.022786,35
1452,9/20/2017,Electronic,1704837.24,0.00274,69
1453,11/12/2006,Trance,77049.58,0.00512,52
1454,1/12/2016,Pop Rock,831976.47,0.00237,52
1455,6/19/2007,Dance,1168088.32,0.00901,31
1456,2/28/2015,Funk,839833.04,0.00533,17
1457,3/30/2003,Gospel,4675,0.003781,24
1458,10/5/2004,Ambient,1588013.08,0.002915,2
1459,11/11/2004,Jazz,403205,0.00714,52
1460,7/16/2004,Instrumental,1671,0.011175,36
1461,1/17/2001,Funk,490150.66,0.00526,55
1462,11/20/2003,KPop,1314830.42,0.00841,69
1463,6/2/2012,Dance,1550,0.00384,67
1464,3/12/2007,Electronic Dance,1475279.36,0.00596,45
1465,6/12/2000,Trance,344133.91,0.01067,4
1466,6/28/2001,Blues,1858835,0.014198,52
1467,5/11/2012,Grunge,5858,0.001072,22
1468,4/18/2004,Blues,1410308,0.00649,49
1469,6/6/2004,Pop,1935781.33,0.014109,60
1470,1/22/2009,World,6012,0.00465,48
1471,6/28/2013,Rock,148023.76,0.00941,32
1472,3/2/2015,Country,569056.58,0.009262,5
1473,10/25/2003,Country,1530251.69,0.00379,35
1474,1/19/2016,House,606596.54,0.0022,13
1475,8/1/2001,Heavy Metal,1171896.59,0.022506,67
1476,9/16/2015,Swing,15853.89,0.001114,11
1477,8/12/2000,Jazz,760985.79,0.005056,2
1478,8/7/2008,KPop,919268.52,0.015131,49
1479,2/12/2002,Hymn,1242865.95,0.00564,32
1480,9/9/2000,Pop Rock,1121562.41,0.006495,18
1481,6/24/2008,Soul,1486568.32,0.00733,60
1482,9/6/2000,Hymn,1234939.39,0.016881,29
1483,3/29/2018,Heavy Metal,1284773.63,0.00708,55
1484,8/1/2012,Emo,1303526.5,0.00244,5
1485,9/30/2003,Electronic Dance,1650646.33,0.010665,66
1486,5/2/2012,Ambient,988864.04,0.00553,65
1487,1/26/2008,Rhythm and Blues,2311648.14,0.024992,1
1488,4/2/2001,World,389649.2,0.00905,53
1489,2/29/2016,Dance,7707,0.00698,27
1490,6/9/2016,Grunge,1412791,0.001575,1
1491,10/15/2008,Industrial Music,3069,0.010927,31
1492,2/27/2003,Pop,476739.92,0.007066,27
1493,9/8/2014,Grunge,1881275.38,0.0094,26
1494,10/26/2001,Orchestra,2579631.36,0.00108,11
1495,10/19/2011,Disco,9208,0.012845,59
1496,4/13/2001,Folk,484301.04,0.009497,20
1497,11/21/2008,KPop,1369653,0.00374,70
1498,4/5/2003,Trance,366794.73,0.00147,8
1499,6/16/2018,KPop,686168.01,0.00721,67
1500,1/14/2000,World,1352805.75,0.003725,11
1501,8/5/2012,Electronic,2203425,0.00744,40
1502,4/5/2006,Electronic Dance,328239.4,0.00898,23
1503,11/30/2017,Hip Hop,2025181.08,0.00252,7
1504,11/2/2010,Techno,2056603.47,0.00186,12
1505,3/12/2006,Pop Rock,1853178.92,0.00866,18
1506,8/19/2014,Pop,248531.87,0.00305,1
1507,8/8/2010,Blues,6131,0.00844,22
1508,7/16/2016,Orchestra,679073.96,0.00741,51
1509,10/16/2010,Country,1257579.31,0.00276,36
1510,10/23/2014,Trance,800527.85,0.016047,14
1511,1/21/2000,Contemporary R&B,996472.77,0.001371,38
1512,10/4/2010,Industrial Music,1716096.99,0.0012,56
1513,9/22/2009,Trance,1351865.17,0.00516,52
1514,1/6/2001,Musical Theatre,256848.56,0.010682,31
1515,4/29/2007,Country,646475.17,0.003866,36
1516,12/9/2016,Singing,1037463.43,0.0131,43
1517,6/9/2000,Electronic Dance,1423134.43,0.00797,62
1518,8/23/2012,Pop,178074.53,0.00319,19
1519,5/12/2008,Electronic Dance,1409352.85,0.001477,4
1520,7/23/2005,Rhythm and Blues,3463.11,0.003604,68
1521,10/28/2006,Hymn,2232700,0.009543,25
1522,5/22/2011,Folk,977551.84,0.012857,12
1523,1/10/2017,House,8128,0.00242,34
1524,7/30/2012,Grunge,860025.61,0.00426,46
1525,3/31/2017,Orchestra,1147341.61,0.002847,38
1526,2/15/2011,KPop,1037815.97,0.00342,24
1527,4/22/2010,Reggae,3030592,0.006734,13
1528,10/30/2017,Disco,778833.25,0.008686,16
1529,9/12/2002,Disco,976900.43,0.012159,35
1530,1/28/2003,Grunge,3896,0.002474,52
1531,3/9/2014,Techno,233837.27,0.00514,45
1532,5/29/2006,Blues,2118390.97,0.022435,14
1533,1/15/2016,Jazz,2462033.83,0.00271,36
1534,10/20/2009,Dance,1352763.81,0.001885,60
1535,11/2/2003,Contemporary R&B,2239514,0.00644,50
1536,10/13/2007,Gospel,1141363.12,0.00105,34
1537,8/8/2018,Grunge,547873.82,0.00843,1
1538,3/24/2003,Soul,1848038,0.014094,45
1539,9/6/2001,Hip Hop,1478801.6,0.00637,1
1540,2/1/2011,Indie Rock,1135426.12,0.004175,68
1541,2/5/2013,Musical Theatre,1708080,0.00266,25
1542,8/16/2000,Heavy Metal,437511.83,0.006783,22
1543,3/16/2001,Funk,690076.59,0.00661,63
1544,1/22/2002,Reggae,3181,0.00317,9
1545,5/20/2006,World,490699.78,0.00134,67
1546,7/9/2015,Rock,1893106.16,0.028733,7
1547,4/9/2006,Orchestra,2955647.2,0.015336,9
1548,5/28/2018,Singing,2541704.15,0.003167,26
1549,5/14/2002,Dance,6581,0.00173,68
1550,10/2/2008,Contemporary R&B,54702.81,0.004592,37
1551,12/15/2013,Soul,710595.74,0.00615,63
1552,6/22/2007,Techno,775621.48,0.00298,42
1553,5/7/2017,Soul,4436677,0.003323,6
1554,10/26/2016,Electronic Dance,7588,0.010891,47
1555,10/17/2002,Classical,1377526.42,0.00589,10
1556,8/19/2000,Emo,947850.36,0.013149,40
1557,8/9/2011,Classical,124511.06,0.00755,52
1558,7/16/2011,World,600583.02,0.006738,42
1559,3/16/2001,Hymn,639242.1,0.00042,48
1560,2/6/2006,World,7092,0.008238,52
1561,12/8/2008,Hymn,2035201.47,0.00275,37
1562,3/20/2011,Pop,573600,0.00921,49
1563,11/3/2003,Funk,1395,0.00342,64
1564,7/20/2013,Emo,7127,0.002897,20
1565,5/16/2012,Disco,521679.38,0.00544,66
1566,5/19/2016,World,1959209.64,0.00387,17
1567,12/9/2007,Pop,366978.36,0.00212,8
1568,2/9/2003,Jazz,1159864.51,0.00425,5
1569,9/12/2005,Musical Theatre,423676.57,0.00379,6
1570,10/15/2018,Swing,330214.29,0.0038,30
1571,2/5/2013,Techno,571787.59,0.006553,48
1572,9/4/2018,Trance,1743688,0.00371,68
1573,3/5/2016,Blues,2572,0.00878,19
1574,9/15/2003,Soul,1598904,0.00589,22
1575,11/1/2011,Instrumental,1649867.93,0.00648,15
1576,2/28/2007,Country,1030166,0.009487,36
1577,2/4/2010,Pop Rock,408899.11,0.007794,44
1578,1/15/2005,Contemporary R&B,1184683,0.00184,12
1579,11/7/2015,Dance,322995.44,0.00877,17
1580,9/3/2016,Musical Theatre,5842,0.001961,8
1581,5/13/2004,Folk,583833.32,0.006382,1
1582,6/27/2006,Jazz,2160020.63,0.003927,62
1583,11/14/2013,Instrumental,1552426,0.013692,17
1584,12/1/2018,Heavy Metal,1571322,0.00935,57
1585,1/14/2003,Emo,498168.76,0.00757,64
1586,7/26/2018,Funk,639193.7,0.011456,50
1587,8/1/2008,Pop,2657310,0.0028,12
1588,10/22/2006,Classical,1520143,0.00952,28
1589,8/20/2011,Musical Theatre,2002362.27,0.00685,57
1590,10/27/2016,Musical Theatre,2014839.96,0.005643,67
1591,6/22/2008,Swing,383946.23,0.00955,38
1592,10/1/2011,Contemporary R&B,1306217.23,0.00922,6
1593,11/17/2000,Classical,8751,0.009185,5
1594,9/10/2011,Trance,1797840.57,0.0011,24
1595,1/23/2014,Alternative Rock,2288175.36,0.012006,65
1596,11/10/2015,Rock,584151,0.019512,16
1597,4/2/2016,Techno,1514340,0.0076,52
1598,6/20/2004,Techno,1264781.53,0.00331,40
1599,5/23/2013,Alternative Rock,80966.68,0.0043,52
1600,11/25/2006,Hip Hop,870987.38,0.00609,53
1601,2/7/2010,Rock,1958258.05,0.00229,51
1602,1/16/2012,Rock,1106774.78,0.003454,39
1603,12/9/2000,Hymn,1819822.92,0.00302,21
1604,9/30/2005,Hymn,840019,0.012797,9
1605,6/7/2003,World,2250648,0.018037,51
1606,8/5/2010,Instrumental,1855149.98,0.002332,2
1607,11/9/2015,World,2033746,0.005729,46
1608,11/27/2005,Dance,8055,0.0074,29
1609,4/14/2008,Pop Rock,1883492.39,0.00111,42
1610,3/17/2012,Trance,1403054,0.00409,36
1611,8/11/2016,Contemporary R&B,4157885.49,0.00393,70
1612,9/5/2007,Pop,1652462.65,0.008595,6
1613,8/31/2004,World,1106905,0.00538,19
1614,12/28/2015,Ambient,2245259,0.020339,29
1615,5/22/2017,Electronic,1164698.91,0.00531,41
1616,1/12/2012,Soul,572300.02,0.00503,29
1617,8/18/2007,Electronic Dance,1147621.03,0.00432,56
1618,5/10/2018,Dance,2220648,0.00079,30
1619,8/3/2003,Dance,9184,0.002629,57
1620,12/12/2015,World,2378219.07,0.0032,32
1621,11/5/2001,Alternative Rock,1942594.41,0.0076,30
1622,1/19/2000,Gospel,1629338.21,0.001376,11
1623,3/2/2015,Instrumental,1012846,0.022637,66
1624,1/14/2010,Instrumental,1012183,0.00955,33
1625,7/23/2014,Country,804766.44,0.00381,33
1626,6/4/2006,Indie Rock,581188,0.007143,22
1627,6/19/2014,Contemporary R&B,1745885.27,0.00477,28
1628,2/15/2018,Pop,9646,0.00313,4
1629,10/21/2006,Musical Theatre,9127,0.0027,69
1630,12/1/2003,Rock,2093525.95,0.00637,24
1631,6/20/2010,Pop,1243,0.00851,56
1632,9/16/2005,Electronic Dance,2019986.09,0.018345,41
1633,9/4/2011,Blues,824659.73,0.00074,63
1634,9/12/2017,Pop,200300,0.00477,22
1635,7/23/2011,Funk,2601857,0.00245,66
1636,3/28/2016,Orchestra,677696.37,0.00244,39
1637,10/2/2016,Orchestra,1112776.08,0.00299,5
1638,10/4/2004,Instrumental,628760.39,0.00226,14
1639,7/11/2013,Rhythm and Blues,3134,0.008498,65
1640,11/24/2004,Folk,1976142,0.005209,61
1641,6/23/2001,Emo,1516814.72,0.014799,6
1642,12/4/2002,Techno,7544,0.00672,50
1643,1/11/2016,Pop Rock,2800773.78,0.002,5
1644,1/18/2007,Soul,2287697.62,0.00098,55
1645,6/12/2002,Pop Rock,83730.05,0.00016,15
1646,5/18/2003,Reggae,287275.5,0.00319,17
1647,8/1/2006,Blues,1297725.34,0.008428,64
1648,4/25/2006,Ambient,9931,0.005998,22
1649,9/24/2004,Indie Rock,2863,0.00288,42
1650,12/20/2011,Rock,626824.52,0.00647,31
1651,7/31/2010,World,1572561.03,0.016436,19
1652,9/22/2017,Grunge,1709188,0.014354,18
1653,4/19/2011,Alternative Rock,1168092.67,0.00974,24
1654,2/13/2006,Swing,1385517.05,0.00487,25
1655,12/9/2003,Contemporary R&B,1089,0.003094,65
1656,4/14/2018,Soul,968395,0.00483,37
1657,6/1/2001,Electronic Dance,1016671.51,0.00964,12
1658,9/1/2001,Alternative Rock,9969,0.00234,58
1659,11/16/2014,Rhythm and Blues,482357.46,0.00993,69
1660,1/26/2003,Musical Theatre,1115138.16,0.008029,40
1661,10/11/2001,Punk,34236.14,0.0022,56
1662,12/14/2010,Punk,1034054.11,0.014634,64
1663,2/24/2006,Musical Theatre,3316060.3,0.006327,65
1664,11/6/2018,Classical,455119.2,0.00866,6
1665,7/17/2015,Rhythm and Blues,1617328.36,0.00215,47
1666,1/29/2003,KPop,675110.65,0.002666,39
1667,10/26/2003,Indie Rock,611818.55,0.00978,6
1668,3/22/2002,Emo,84176.58,0.004159,13
1669,12/5/2006,Contemporary R&B,576111.02,0.004804,1
1670,10/6/2016,Rock,502900.87,0.005734,58
1671,1/24/2017,Heavy Metal,2708654.65,0.00442,8
1672,4/28/2001,KPop,306372.87,0.00311,47
1673,1/19/2009,Gospel,5824,0.007362,40
1674,3/25/2001,Instrumental,2531,0.00209,67
1675,1/12/2018,KPop,504265.43,0.00072,39
1676,10/15/2006,Instrumental,567417.46,0.00554,16
1677,11/23/2005,Instrumental,496142.06,0.00058,20
1678,7/16/2013,Country,1696,0.0067,67
1679,12/15/2008,Alternative Rock,1734648,0.001975,4
1680,9/12/2013,Soul,976881.97,0.015794,6
1681,7/20/2016,Folk,1792801.85,0.00961,45
1682,4/26/2008,Hymn,210956.96,0.00307,65
1683,12/2/2018,Techno,302883,0.00236,62
1684,3/20/2003,Disco,994458.9,0.00674,64
1685,4/27/2009,Pop Rock,775345.98,0.00738,54
1686,5/22/2010,Disco,4088133,0.00531,19
1687,9/14/2018,Electronic Dance,2554041,0.00661,10
1688,4/1/2009,Trance,2241910.1,0.00326,23
1689,9/6/2012,Rhythm and Blues,766228.67,0.009287,23
1690,10/8/2004,Country,1044054.64,0.00775,9
1691,8/1/2001,Reggae,1790728.18,0.004153,3
1692,1/9/2015,Classical,1316046.19,0.00021,59
1693,10/20/2007,Industrial Music,2268459.03,0.00922,39
1694,12/24/2010,Ambient,2537,0.003468,33
1695,1/3/2012,Hip Hop,2919204,0.0082,42
1696,2/12/2015,Alternative Rock,695061.72,0.00486,30
1697,2/17/2004,KPop,1305,0.0008,47
1698,2/19/2003,Orchestra,735949,0.013143,11
1699,1/2/2013,Electronic Dance,1677474,0.00471,64
1700,2/16/2006,Jazz,629206,0.0003,26
1701,9/30/2010,Techno,720314.59,0.00428,15
1702,12/3/2000,Reggae,336452.62,0.013726,45
1703,9/2/2001,Country,1612,0.001298,59
1704,11/30/2013,KPop,732078.63,0.00749,67
1705,2/11/2000,Pop Rock,1392696.7,0.00095,35
1706,12/19/2011,Techno,982642.32,0.00549,40
1707,6/15/2006,Electronic,1602649.71,0.004237,21
1708,10/3/2000,World,1225051.94,0.0046,20
1709,3/9/2012,Contemporary R&B,1696739.22,0.014001,5
1710,2/27/2007,Orchestra,1780638.95,0.00426,31
1711,4/16/2012,Folk,255945.31,0.00032,27
1712,8/7/2009,Alternative Rock,1692990.33,0.012224,10
1713,11/8/2000,Swing,1219570.18,0.0023,21
1714,2/8/2016,Hip Hop,1237552.59,0.006738,20
1715,9/7/2011,Funk,982935.54,0.00399,2
1716,6/10/2001,Grunge,794478.54,0.00303,44
1717,12/18/2005,Orchestra,1222606.88,0.00956,4
1718,1/29/2016,Industrial Music,413022.12,0.00851,6
1719,5/24/2018,Electronic Dance,3442482.73,0.00261,19
1720,2/16/2006,Disco,400813,0.00956,5
1721,10/10/2010,Industrial Music,944375.34,0.00836,1
1722,9/3/2002,Folk,2607977,0.004249,26
1723,4/17/2004,Pop,998800.42,0.003222,29
1724,8/30/2011,Alternative Rock,3057646.2,0.00005,29
1725,9/6/2014,Pop,1512823.88,0.0099,65
1726,9/6/2003,Classical,989923.09,0.00579,48
1727,6/11/2003,Rhythm and Blues,1831332.55,0.00909,38
1728,8/28/2003,Disco,7665,0.004002,28
1729,12/5/2009,Electronic Dance,1871283.53,0.00623,63
1730,5/20/2011,Musical Theatre,863947.29,0.005553,49
1731,11/7/2012,World,318686.2,0.008201,47
1732,9/16/2000,Ambient,196265.09,0.00492,48
1733,12/8/2009,Classical,1841215.15,0.00076,47
1734,1/14/2008,Ambient,7043,0.00598,27
1735,12/8/2018,Instrumental,707707.39,0.004482,48
1736,2/2/2008,Gospel,1549136.73,0.00598,62
1737,12/9/2011,Folk,901876.55,0.01574,1
1738,7/31/2005,Heavy Metal,1431583.28,0.00021,43
1739,9/12/2011,Techno,1144855.53,0.00686,22
1740,1/9/2003,Gospel,1476487.24,0.005771,59
1741,8/27/2003,Classical,779321.1,0.00392,14
1742,2/15/2018,Hip Hop,25113.98,0.00848,8
1743,12/23/2000,Country,1116425.97,0.00727,10
1744,11/4/2010,Blues,2768032.52,0.005943,62
1745,12/2/2005,Reggae,1051464.92,0.00889,66
1746,1/26/2004,Folk,1819974.93,0.00716,31
1747,10/10/2016,Gospel,554626.56,0.00382,61
1748,6/28/2000,Alternative Rock,1995808.84,0.00719,40
1749,10/26/2012,Pop,1942863.17,0.003905,65
1750,10/21/2000,Rhythm and Blues,2897392,0.007229,19
1751,10/17/2014,Orchestra,2473954.75,0.008658,17
1752,3/1/2008,Reggae,1082741.28,0.00335,42
1753,9/11/2007,Indie Rock,981378.84,0.002724,54
1754,11/19/2003,Jazz,571333.72,0.00181,6
1755,7/11/2001,Singing,350447.96,0.00401,40
1756,11/29/2004,Dance,9518,0.00873,33
1757,12/12/2014,Gospel,2485,0.00828,14
1758,1/27/2018,Pop Rock,208177.26,0.003485,70
1759,10/13/2009,Singing,897731.38,0.00288,25
1760,9/7/2014,Musical Theatre,2887221.77,0.00418,32
1761,7/31/2004,Trance,1547093.57,0.016505,13
1762,9/23/2000,Heavy Metal,1273843,0.00541,1
1763,12/3/2007,Hip Hop,2362848,0.002172,54
1764,6/7/2006,Indie Rock,3698,0.00347,53
1765,7/15/2014,Alternative Rock,787913.17,0.010843,14
1766,11/15/2000,Indie Rock,428086.88,0.00593,38
1767,2/11/2008,House,1613175.59,0.00748,66
1768,8/27/2011,Electronic,1462015.72,0.002458,69
1769,7/4/2000,Alternative Rock,1132269.36,0.005871,13
1770,6/17/2007,Gospel,1112462.85,0.00626,55
1771,6/14/2012,Rhythm and Blues,3544570.16,0.00949,8
1772,4/14/2005,Electronic Dance,8810,0.00096,40
1773,10/18/2001,Musical Theatre,2476032.01,0.006577,43
1774,8/29/2005,Jazz,1085548.65,0.009342,32
1775,7/17/2005,Rhythm and Blues,1321731,0.00101,19
1776,8/8/2014,Grunge,393228.1,0.00753,66
1777,6/29/2015,Disco,1545799.52,0.00006,4
1778,6/14/2014,Trance,9634,0.023968,56
1779,6/13/2017,Hymn,596168.91,0.00281,39
1780,1/10/2012,Musical Theatre,873815.88,0.00066,59
1781,4/20/2016,Funk,944688.29,0.00941,17
1782,3/5/2000,Industrial Music,1592989.59,0.00799,5
1783,4/5/2010,Reggae,1127800.01,0.009,62
1784,5/8/2005,Industrial Music,2369477,0.00616,1
1785,6/13/2008,Industrial Music,1647120.37,0.006965,21
1786,12/24/2000,Contemporary R&B,1404661,0.006454,62
1787,3/9/2013,KPop,1474926.91,0.00824,43
1788,4/8/2004,World,1832360.95,0.00821,59
1789,5/16/2002,Rhythm and Blues,1319909.83,0.00053,14
1790,12/22/2008,Punk,326719,0.00313,4
1791,8/22/2018,Indie Rock,1551783,0.00507,14
1792,10/24/2009,Jazz,1459503,0.00852,63
1793,7/31/2013,Reggae,596864.91,0.004458,2
1794,8/24/2010,Country,8698,0.0091,12
1795,10/24/2009,Gospel,3596,0.003414,7
1796,4/27/2008,Pop Rock,958926.78,0.003994,25
1797,3/8/2007,Swing,581687.68,0.00805,49
1798,11/19/2005,Disco,1042413.16,0.0074,6
1799,7/5/2012,Grunge,884481.41,0.0091,4
1800,9/16/2008,Folk,1982085.01,0.003182,47
1801,12/28/2016,Classical,1562110,0.00486,29
1802,9/13/2004,Gospel,721797,0.002909,62
1803,8/19/2003,World,2110453,0.00885,24
1804,3/7/2001,Musical Theatre,5698,0.002022,66
1805,11/2/2010,Alternative Rock,1267926,0.00067,35
1806,4/11/2018,Punk,2429397.34,0.006029,56
1807,2/11/2011,Funk,824203.78,0.00447,4
1808,9/9/2014,Disco,666644.04,0.0051,62
1809,12/13/2016,Hip Hop,944108,0.00293,36
1810,12/6/2012,Hymn,909447.71,0.00244,53
1811,10/21/2005,Pop,1663412,0.002069,57
1812,6/14/2005,Blues,1150915.33,0.00952,7
1813,3/26/2007,Reggae,1751146.01,0.00676,54
1814,2/25/2007,Gospel,521341.89,0.018154,21
1815,5/22/2016,Trance,6063,0.00835,17
1816,7/9/2012,Grunge,677105.63,0.00653,35
1817,12/17/2000,Indie Rock,4038,0.00857,70
1818,3/27/2009,Singing,446835,0.027342,2
1819,9/19/2003,Techno,130363,0.00287,28
1820,6/25/2009,Hymn,7074,0.00471,27
1821,5/18/2010,Hip Hop,2400850,0.021989,57
1822,1/6/2002,KPop,2549,0.00161,50
1823,3/19/2014,Singing,918367.04,0.0014,17
1824,3/14/2005,Rhythm and Blues,1010620.72,0.00894,30
1825,12/23/2007,Ambient,622816.43,0.00231,41
1826,8/6/2006,Hymn,1821,0.00981,27
1827,9/26/2015,Trance,1835036,0.00839,54
1828,6/18/2005,Swing,1634950,0.01232,7
1829,5/6/2006,Punk,764648.96,0.00838,47
1830,1/5/2005,Punk,1428076.4,0.00991,70
1831,11/12/2000,Gospel,1118684.26,0.00699,14
1832,4/18/2008,Rock,444461.86,0.013126,6
1833,2/23/2006,Ambient,2297337,0.009111,4
1834,6/18/2017,Electronic,7390,0.020987,59
1835,11/22/2004,Trance,1689449.91,0.010133,70
1836,10/21/2003,Rock,1071,0.002562,23
1837,7/11/2017,Indie Rock,2273854,0.00491,60
1838,11/11/2005,Pop,2550691.52,0.00195,67
1839,7/22/2016,Indie Rock,2694,0.00047,6
1840,2/17/2005,Techno,432380.89,0.006897,9
1841,1/11/2005,World,561585.33,0.00344,26
1842,7/7/2011,Punk,869297.69,0.019208,36
1843,5/28/2006,Rock,1838679,0.00889,12
1844,2/13/2006,Singing,145400.44,0.001301,33
1845,5/3/2005,Gospel,2156149.02,0.002963,28
1846,11/24/2010,Indie Rock,1360425.3,0.010795,65
1847,6/26/2001,Electronic,590032.65,0.00713,31
1848,6/27/2006,Reggae,8971,0.00087,40
1849,12/19/2017,House,6209,0.001807,6
1850,10/19/2003,World,787619.45,0.006908,47
1851,2/11/2005,Ambient,1634640.74,0.00478,51
1852,9/24/2016,Rhythm and Blues,2183796.69,0.004529,37
1853,9/6/2002,Contemporary R&B,7971,0.00139,31
1854,11/12/2007,Dance,1653903.67,0.006637,34
1855,3/4/2000,Alternative Rock,1630108.88,0.0078,23
1856,11/23/2000,Swing,1592,0.00407,59
1857,7/18/2014,Pop,2245721.12,0.002018,29
1858,2/24/2009,Hymn,490346.35,0.00726,22
1859,1/17/2002,Emo,129512.01,0.034883,31
1860,1/2/2014,Emo,1199476,0.00702,48
1861,3/12/2005,Alternative Rock,1112301.54,0.010386,19
1862,7/26/2000,Heavy Metal,241934.15,0.00882,24
1863,7/14/2003,Pop,579735.83,0.003818,17
1864,4/24/2001,Hymn,1313049,0.00578,57
1865,3/1/2010,Indie Rock,3026742,0.0035,47
1866,2/22/2012,Hip Hop,332224.49,0.00678,52
1867,12/15/2001,Folk,1412204.75,0.010739,61
1868,2/14/2016,Pop Rock,3802,0.00591,47
1869,8/27/2003,Dance,1266,0.012655,13
1870,4/21/2004,Ambient,1292276,0.00308,63
1871,7/13/2013,Orchestra,571320.98,0.035263,28
1872,9/17/2009,Techno,1230552.59,0.00401,7
1873,3/13/2014,Soul,1934490.42,0.00004,47
1874,9/23/2016,Rock,1675271.73,0.021622,57
1875,8/22/2013,Grunge,1821755.08,0.00669,25
1876,3/15/2002,Country,501018,0.008225,9
1877,7/29/2014,World,1333636.87,0.005275,11
1878,1/3/2008,Country,4757,0.009,50
1879,6/16/2004,Pop,1740838.98,0.00839,62
1880,2/14/2003,Funk,1774786,0.005187,14
1881,1/11/2013,Contemporary R&B,3093928.57,0.00765,60
1882,9/28/2015,Techno,1000582.54,0.00499,55
1883,9/6/2016,Reggae,2057,0.007909,40
1884,10/20/2004,Heavy Metal,5929,0.00677,1
1885,12/13/2010,Folk,1896910,0.005864,69
1886,2/8/2017,Punk,1788611.13,0.00891,26
1887,1/9/2001,Reggae,1061329.56,0.01866,65
1888,11/24/2003,Classical,2517072.73,0.006748,31
1889,10/20/2013,Folk,1247710.33,0.00011,39
1890,9/1/2012,Industrial Music,485915.41,0.008069,65
1891,1/10/2000,Trance,154788.66,0.00048,47
1892,3/28/2004,Grunge,1613559.06,0.001551,6
1893,5/18/2017,Hymn,2577869.98,0.010215,32
1894,1/25/2017,Pop Rock,4429,0.00226,17
1895,10/4/2015,Pop,1395876.76,0.004686,7
1896,12/25/2003,Indie Rock,1252586,0.00441,32
1897,10/11/2005,Swing,6615,0.00303,43
1898,10/16/2013,Electronic,60688.36,0.00469,13
1899,7/14/2016,Electronic,1470965.65,0.00402,12
1900,11/30/2012,Indie Rock,231370.69,0.016481,46
1901,6/17/2017,Orchestra,860463.25,0.005832,4
1902,6/5/2007,Swing,189135.42,0.00304,61
1903,10/3/2009,Rhythm and Blues,1919555.89,0.00766,4
1904,10/7/2008,World,2407,0.00889,51
1905,3/4/2011,Gospel,368482.76,0.00525,38
1906,8/5/2017,Pop,1288514.02,0.007451,27
1907,12/31/2012,Swing,1178783.84,0.00246,11
1908,6/10/2015,Blues,2589668.84,0.0044,37
1909,7/13/2006,Instrumental,1561521,0.00581,6
1910,1/6/2000,Dance,479770.61,0.003727,54
1911,1/21/2015,Blues,1688538.67,0.018905,48
1912,5/15/2001,World,1627884.3,0.015931,58
1913,7/19/2013,Alternative Rock,628251.35,0.005688,53
1914,8/14/2007,World,1427668.17,0.019209,13
1915,2/6/2007,Emo,1120509.95,0.004252,50
1916,7/2/2010,Heavy Metal,868091.95,0.009887,34
1917,1/12/2012,Pop Rock,1329364.31,0.00804,47
1918,4/18/2016,Reggae,6281,0.003796,13
1919,1/13/2013,Indie Rock,1960,0.00871,32
1920,4/11/2006,Punk,8886,0.00772,46
1921,6/17/2007,Techno,1021147.15,0.00556,31
1922,10/20/2018,Jazz,1054186.71,0.00772,51
1923,10/4/2007,KPop,1947268.68,0.00547,62
1924,5/9/2007,Pop,1400842,0.016466,4
1925,1/15/2014,Orchestra,308600.92,0.00085,47
1926,1/29/2009,Orchestra,894349.76,0.00388,33
1927,10/20/2010,Musical Theatre,1602885.32,0.00051,8
1928,8/14/2009,Pop,1283736.68,0.011315,23
1929,12/10/2018,Funk,1531319.82,0.0049,10
1930,10/9/2016,Disco,2415305.06,0.010073,32
1931,9/14/2011,Singing,1582250.24,0.0002,23
1932,8/6/2012,Swing,570182.87,0.00809,23
1933,7/2/2011,Emo,923101.38,0.0069,66
1934,9/25/2006,Gospel,2613560.46,0.00897,12
1935,12/7/2001,Indie Rock,562926.48,0.00881,67
1936,5/12/2006,Rock,1617116.5,0.00456,37
1937,1/18/2011,Hip Hop,1708050.5,0.00603,34
1938,4/1/2011,Folk,747061.32,0.00175,14
1939,11/10/2004,World,1132699.41,0.011093,68
1940,1/17/2013,Instrumental,990576.04,0.00323,11
1941,4/13/2008,Trance,140276.12,0.001099,23
1942,7/10/2014,Reggae,2168724.79,0.0081,38
1943,6/13/2007,Country,421705.06,0.007836,50
1944,11/23/2008,Rhythm and Blues,6826,0.011179,68
1945,3/29/2013,Disco,887258.18,0.0088,63
1946,6/17/2000,Hymn,4436,0.001063,69
1947,7/8/2011,Disco,165226.45,0.00275,62
1948,6/18/2017,Reggae,1238569.32,0.025988,57
1949,9/24/2017,Folk,1260220.68,0.00556,47
1950,7/16/2000,Folk,7519,0.00394,55
1951,1/21/2006,Punk,2794,0.00726,43
1952,8/4/2006,Gospel,1083714,0.00171,44
1953,8/12/2002,Swing,779585.45,0.005154,15
1954,9/26/2009,Trance,989453.05,0.00053,63
1955,5/11/2015,Gospel,1077676,0.022775,21
1956,4/25/2018,Ambient,598025.54,0.00705,12
1957,7/6/2002,Grunge,976323.79,0.004797,60
1958,10/17/2007,Country,1290382.83,0.00771,29
1959,3/27/2004,Reggae,790089.36,0.004111,46
1960,9/25/2010,Trance,1328011,0.00822,47
1961,12/23/2008,Heavy Metal,955957.84,0.00678,39
1962,10/27/2016,Indie Rock,384735.73,0.011044,64
1963,12/21/2017,Dance,2194,0.002639,15
1964,1/29/2015,Jazz,241022.32,0.0048,42
1965,7/25/2003,Ambient,9695,0.00404,15
1966,9/6/2003,Folk,1369957.5,0.00267,7
1967,9/13/2013,Indie Rock,9273,0.00089,3
1968,9/27/2011,Jazz,1512360.56,0.009762,9
1969,3/1/2015,Industrial Music,1436227.93,0.00262,32
1970,4/23/2008,Alternative Rock,1502906,0.00255,33
1971,1/9/2018,Pop,784390.87,0.00893,43
1972,10/4/2005,Soul,1752033.85,0.00271,63
1973,9/17/2014,Contemporary R&B,683316.34,0.00578,13
1974,3/31/2015,World,1002846.37,0.00822,54
1975,12/24/2016,Country,1905149.92,0.00022,15
1976,3/1/2001,Alternative Rock,3754938.57,0.007345,43
1977,2/10/2003,Pop,722519.6,0.003328,22
1978,9/26/2013,Country,1375415.01,0.001846,2
1979,5/18/2005,Blues,2740393,0.022312,65
1980,5/12/2001,Indie Rock,1390,0.00138,4
1981,1/25/2014,Alternative Rock,3258,0.006834,29
1982,2/21/2007,Classical,810529.08,0.00964,8
1983,12/19/2007,Pop,1705676,0.002392,25
1984,10/22/2004,Disco,1570855.89,0.00277,3
1985,2/8/2003,Swing,9711,0.00657,8
1986,10/23/2016,Alternative Rock,1667620.14,0.010302,53
1987,3/15/2018,Disco,1231043,0.019884,27
1988,7/11/2002,Singing,979034.66,0.00971,38
1989,1/28/2018,Reggae,1760176,0.00327,13
1990,1/25/2008,Reggae,1305,0.00353,22
1991,11/7/2017,Emo,2089245.78,0.00453,32
1992,4/13/2015,Dance,1223519.53,0.021729,67
1993,1/4/2016,Singing,1518001.35,0.007821,22
1994,4/5/2002,Reggae,1162462.41,0.00784,13
1995,4/16/2007,Electronic,1833,0.00215,53
1996,1/7/2008,Singing,2171266.32,0.020602,23
1997,1/10/2004,World,2094930.77,0.001366,26
1998,7/29/2014,Folk,295208.27,0.00492,37
1999,10/8/2009,Contemporary R&B,901142.88,0.00722,44
2000,8/8/2004,Grunge,1566311.62,0.00091,58
