subscriber_id,cost,start_date,user_id
1,15,2019-01-19,696
2,10,2019-01-27,2000
3,5,2019-01-20,71
4,15,2019-01-19,1262
5,10,2019-01-28,494
6,5,2019-01-24,1421
7,5,2019-01-26,1237
8,5,2019-01-27,753
9,5,2019-01-01,1958
10,5,2019-01-20,1056
11,10,2019-01-07,1296
12,5,2019-01-22,30
13,5,2019-01-08,592
14,5,2019-01-11,1083
15,15,2019-01-26,1911
16,5,2019-01-19,1078
17,10,2019-01-09,1773
18,5,2019-01-23,938
19,10,2019-01-05,1842
20,10,2019-01-04,1850
21,10,2019-01-23,592
22,10,2019-01-26,1251
23,10,2019-01-18,1442
24,15,2019-01-08,1729
25,5,2019-01-05,904
26,5,2019-01-06,930
27,15,2019-01-09,1824
28,10,2019-01-17,318
29,15,2019-01-13,516
30,10,2019-01-30,558
31,15,2019-01-29,1672
32,5,2019-01-16,1027
33,10,2019-01-24,1534
34,5,2019-01-02,1142
35,15,2019-01-06,1409
36,5,2019-01-17,1341
37,10,2019-01-28,1586
38,5,2019-01-27,835
39,5,2019-01-05,475
40,5,2019-01-28,35
41,15,2019-01-14,470
42,10,2019-01-24,473
43,15,2019-01-13,1834
44,15,2019-01-11,951
45,5,2019-01-04,1330
46,5,2019-01-22,1695
47,15,2019-01-23,66
48,15,2019-01-16,380
49,15,2019-01-11,1952
50,5,2019-01-07,1296
51,15,2019-01-27,1122
52,5,2019-01-27,1695
53,5,2019-01-01,142
54,5,2019-01-06,69
55,10,2019-01-24,1949
56,5,2019-01-25,141
57,15,2019-01-16,707
58,10,2019-01-17,1262
59,10,2019-01-17,92
60,10,2019-01-20,1854
61,10,2019-01-02,151
62,10,2019-01-13,1139
63,15,2019-01-10,1772
64,5,2019-01-04,2
65,5,2019-01-20,1708
66,5,2019-01-27,696
67,5,2019-01-18,1317
68,15,2019-01-19,891
69,5,2019-01-18,1159
70,10,2019-01-25,1522
71,5,2019-01-07,1959
72,5,2019-01-25,1071
73,5,2019-01-15,1353
74,10,2019-01-20,1052
75,15,2019-01-19,860
76,15,2019-01-16,1501
77,5,2019-01-13,1034
78,5,2019-01-24,231
79,5,2019-01-25,942
80,5,2019-01-16,1176
81,15,2019-01-01,856
82,10,2019-01-04,1634
83,15,2019-01-14,1681
84,10,2019-01-04,77
85,5,2019-01-18,1898
86,5,2019-01-27,744
87,15,2019-01-21,1480
88,5,2019-01-02,1378
89,5,2019-01-07,614
90,15,2019-01-28,246
91,10,2019-01-27,766
92,5,2019-01-18,209
93,10,2019-01-23,547
94,15,2019-01-30,1210
95,10,2019-01-18,1386
96,15,2019-01-06,105
97,10,2019-01-10,330
98,15,2019-01-19,1330
99,5,2019-01-23,1449
100,5,2019-01-12,1887
101,15,2019-01-20,1661
102,5,2019-01-11,638
103,15,2019-01-26,1985
104,10,2019-01-03,802
105,15,2019-01-23,531
106,5,2019-01-22,1202
107,15,2019-01-20,47
108,5,2019-01-01,491
109,15,2019-01-01,346
110,5,2019-01-15,1641
111,15,2019-01-14,1363
112,10,2019-01-05,1648
113,15,2019-01-18,808
114,15,2019-01-01,1141
115,10,2019-01-13,1594
116,5,2019-01-07,1302
117,15,2019-01-04,552
118,10,2019-01-08,600
119,10,2019-01-07,1432
120,10,2019-01-09,1787
121,15,2019-01-07,984
122,5,2019-01-07,1030
123,15,2019-01-25,1203
124,15,2019-01-02,1763
125,15,2019-01-02,1770
126,5,2019-01-06,28
127,10,2019-01-23,550
128,15,2019-01-07,985
129,5,2019-01-24,801
130,5,2019-01-11,1154
131,10,2019-01-11,1862
132,5,2019-01-17,538
133,5,2019-01-14,505
134,5,2019-01-18,1202
135,15,2019-01-15,551
136,5,2019-01-06,1769
137,15,2019-01-12,1916
138,10,2019-01-12,1553
139,10,2019-01-04,1410
140,15,2019-01-01,472
141,5,2019-01-17,1155
142,10,2019-01-25,916
143,15,2019-01-23,901
144,5,2019-01-20,1353
145,5,2019-01-10,1091
146,5,2019-01-28,397
147,10,2019-01-27,138
148,15,2019-01-22,41
149,5,2019-01-21,1626
150,15,2019-01-23,487
151,5,2019-01-10,1921
152,5,2019-01-19,821
153,10,2019-01-27,608
154,15,2019-01-08,292
155,10,2019-01-06,241
156,15,2019-01-04,1089
157,5,2019-01-08,589
158,5,2019-01-24,448
159,10,2019-01-06,1095
160,10,2019-01-23,1553
161,15,2019-01-02,1032
162,5,2019-01-27,1248
163,5,2019-01-09,572
164,15,2019-01-23,343
165,5,2019-01-20,1423
166,5,2019-01-23,1821
167,10,2019-01-10,616
168,5,2019-01-20,632
169,5,2019-01-29,1306
170,5,2019-01-01,29
171,10,2019-01-24,111
172,10,2019-01-08,486
173,10,2019-01-07,782
174,10,2019-01-18,1059
175,15,2019-01-09,1039
176,15,2019-01-06,727
177,10,2019-01-07,133
178,5,2019-01-12,61
179,10,2019-01-06,826
180,10,2019-01-13,708
181,10,2019-01-21,1534
182,15,2019-01-22,1768
183,5,2019-01-27,762
184,10,2019-01-04,999
185,5,2019-01-16,1955
186,10,2019-01-06,357
187,15,2019-01-29,1980
188,5,2019-01-10,1411
189,15,2019-01-30,1865
190,15,2019-01-21,1568
191,5,2019-01-29,1505
192,10,2019-01-09,1807
193,5,2019-01-29,1447
194,5,2019-01-17,1053
195,10,2019-01-29,1662
196,15,2019-01-22,1429
197,5,2019-01-22,752
198,5,2019-01-11,1043
199,15,2019-01-14,694
200,15,2019-01-27,1327
201,5,2019-02-01,520
202,10,2019-02-02,1878
203,10,2019-02-09,1401
204,10,2019-02-20,2000
205,5,2019-02-09,1460
206,10,2019-02-07,1799
207,10,2019-02-20,677
208,15,2019-02-24,586
209,15,2019-02-19,854
210,10,2019-02-19,1517
211,10,2019-02-13,835
212,5,2019-02-08,537
213,10,2019-02-07,720
214,15,2019-02-01,1201
215,15,2019-02-10,796
216,5,2019-02-23,547
217,15,2019-02-13,89
218,15,2019-02-09,191
219,15,2019-02-22,316
220,10,2019-02-08,174
221,10,2019-02-16,655
222,15,2019-02-04,227
223,15,2019-02-08,1383
224,5,2019-02-09,16
225,10,2019-02-07,392
226,10,2019-02-14,137
227,10,2019-02-13,523
228,10,2019-02-21,1297
229,15,2019-02-08,1829
230,10,2019-02-16,1717
231,5,2019-02-27,1644
232,5,2019-02-06,818
233,10,2019-02-13,1518
234,15,2019-02-26,29
235,15,2019-02-20,1522
236,5,2019-02-09,98
237,5,2019-02-06,729
238,10,2019-02-27,251
239,5,2019-02-09,1374
240,15,2019-02-11,1150
241,5,2019-02-18,408
242,5,2019-02-20,815
243,5,2019-02-26,1405
244,15,2019-02-27,1434
245,15,2019-02-04,1259
246,10,2019-02-11,415
247,15,2019-02-07,1372
248,10,2019-02-06,1337
249,10,2019-02-17,515
250,15,2019-02-02,824
251,10,2019-03-15,34
252,15,2019-03-07,934
253,10,2019-03-17,1956
254,10,2019-03-02,1502
255,15,2019-03-11,1699
256,10,2019-03-05,309
257,15,2019-03-23,548
258,5,2019-03-26,1144
259,5,2019-03-26,944
260,5,2019-03-27,1634
261,5,2019-03-17,1692
262,5,2019-03-17,2
263,10,2019-03-05,159
264,15,2019-03-08,106
265,10,2019-03-11,1759
266,5,2019-03-27,93
267,15,2019-03-09,1327
268,5,2019-03-04,1931
269,5,2019-03-03,1263
270,15,2019-03-13,925
271,5,2019-03-17,1847
272,15,2019-03-07,1486
273,15,2019-03-13,272
274,15,2019-03-22,1085
275,10,2019-03-26,867
276,10,2019-03-16,690
277,5,2019-03-29,1477
278,15,2019-03-09,85
279,15,2019-03-13,777
280,10,2019-03-10,1427
281,5,2019-03-25,661
282,5,2019-03-30,422
283,5,2019-03-08,301
284,10,2019-03-14,513
285,10,2019-03-19,344
286,5,2019-03-09,97
287,15,2019-03-13,310
288,15,2019-03-12,1920
289,10,2019-03-28,1297
290,10,2019-03-18,1884
291,15,2019-03-29,841
292,5,2019-03-03,226
293,10,2019-03-23,1172
294,5,2019-03-23,1638
295,15,2019-03-28,621
296,15,2019-03-28,901
297,15,2019-03-23,1637
298,15,2019-03-10,1078
299,15,2019-03-24,1346
300,5,2019-03-09,1402
301,10,2019-04-29,1331
302,15,2019-04-22,1195
303,15,2019-04-05,725
304,15,2019-04-05,675
305,15,2019-04-15,1878
306,15,2019-04-19,219
307,5,2019-04-09,1685
308,10,2019-04-07,679
309,15,2019-04-15,1008
310,10,2019-04-19,1477
311,10,2019-04-24,1019
312,15,2019-04-18,1085
313,5,2019-04-11,1412
314,5,2019-04-24,1316
315,15,2019-04-26,1496
316,15,2019-04-13,1419
317,10,2019-04-24,1151
318,15,2019-04-11,1468
319,15,2019-04-24,741
320,10,2019-04-19,1367
321,5,2019-04-22,1583
322,5,2019-04-04,1087
323,5,2019-04-24,1562
324,5,2019-04-18,673
325,15,2019-04-08,321
326,10,2019-04-07,1344
327,10,2019-04-05,93
328,10,2019-04-04,1048
329,15,2019-04-08,737
330,10,2019-04-20,1687
331,10,2019-04-06,1061
332,5,2019-04-02,1521
333,5,2019-04-17,667
334,10,2019-04-13,892
335,15,2019-04-01,1943
336,10,2019-04-13,143
337,5,2019-04-29,1157
338,10,2019-04-06,155
339,5,2019-04-25,1127
340,15,2019-04-24,1091
341,10,2019-04-19,42
342,10,2019-04-11,1288
343,5,2019-04-13,1256
344,10,2019-04-03,563
345,5,2019-04-14,1866
346,10,2019-04-17,920
347,15,2019-04-19,1565
348,5,2019-04-29,1607
349,10,2019-04-12,1673
350,15,2019-04-08,833
351,10,2019-05-20,1483
352,5,2019-05-03,1392
353,5,2019-05-01,1829
354,10,2019-05-02,1219
355,10,2019-05-27,305
356,15,2019-05-30,1836
357,15,2019-05-17,12
358,5,2019-05-12,615
359,10,2019-05-29,1502
360,15,2019-05-18,242
361,15,2019-05-23,98
362,15,2019-05-26,1887
363,5,2019-05-11,753
364,15,2019-05-12,1465
365,5,2019-05-01,2000
366,5,2019-05-11,799
367,10,2019-05-16,583
368,5,2019-05-17,1336
369,5,2019-05-04,1419
370,10,2019-05-27,1216
371,5,2019-05-16,755
372,15,2019-05-03,1676
373,15,2019-05-09,1504
374,10,2019-05-21,519
375,15,2019-05-18,1306
376,10,2019-05-13,823
377,5,2019-05-13,733
378,5,2019-05-12,1187
379,5,2019-05-06,966
380,15,2019-05-22,1166
381,10,2019-05-14,1716
382,5,2019-05-26,154
383,10,2019-05-21,1027
384,10,2019-05-17,342
385,5,2019-05-04,481
386,15,2019-05-15,216
387,15,2019-05-11,860
388,15,2019-05-21,1071
389,15,2019-05-25,676
390,5,2019-05-25,36
391,10,2019-05-06,888
392,5,2019-05-27,1593
393,10,2019-05-13,949
394,10,2019-05-17,218
395,5,2019-05-10,1680
396,5,2019-05-01,233
397,5,2019-05-18,165
398,10,2019-05-30,1641
399,15,2019-05-13,1285
400,5,2019-05-27,846
401,5,2019-06-28,750
402,5,2019-06-09,948
403,15,2019-06-17,271
404,5,2019-06-19,532
405,15,2019-06-02,330
406,10,2019-06-02,1113
407,5,2019-06-24,1557
408,15,2019-06-12,45
409,10,2019-06-18,1160
410,10,2019-06-09,288
411,5,2019-06-19,656
412,5,2019-06-08,1013
413,15,2019-06-19,1372
414,15,2019-06-25,955
415,15,2019-06-29,516
416,10,2019-06-20,1358
417,5,2019-06-24,786
418,15,2019-06-11,67
419,15,2019-06-16,1238
420,5,2019-06-09,1761
421,10,2019-06-12,1528
422,5,2019-06-29,605
423,5,2019-06-13,1242
424,5,2019-06-23,983
425,10,2019-06-27,223
426,15,2019-06-20,1846
427,10,2019-06-13,637
428,5,2019-06-27,1219
429,15,2019-06-05,1770
430,5,2019-06-07,454
431,15,2019-06-13,494
432,15,2019-06-23,1419
433,10,2019-06-11,1449
434,10,2019-06-19,572
435,10,2019-06-02,683
436,5,2019-06-07,921
437,10,2019-06-19,1716
438,15,2019-06-19,364
439,5,2019-06-24,628
440,10,2019-06-14,1506
441,15,2019-06-10,321
442,5,2019-06-01,1161
443,15,2019-06-29,1599
444,15,2019-06-18,1850
445,10,2019-06-12,1462
446,5,2019-06-22,764
447,10,2019-06-19,552
448,5,2019-06-01,1731
449,15,2019-06-23,217
450,5,2019-06-05,674
451,10,2019-06-05,944
452,10,2019-06-09,1848
453,15,2019-06-08,787
454,5,2019-06-29,53
455,10,2019-06-14,843
456,10,2019-06-20,502
457,5,2019-06-26,237
458,10,2019-06-02,933
459,5,2019-06-15,987
460,15,2019-06-21,1446
461,10,2019-06-01,463
462,5,2019-06-05,383
463,10,2019-06-03,1459
464,10,2019-06-24,1620
465,15,2019-06-26,130
466,10,2019-06-17,924
467,15,2019-06-13,1994
468,10,2019-06-27,1162
469,15,2019-06-26,1701
470,15,2019-06-27,976
471,10,2019-06-16,1998
472,15,2019-06-22,979
473,10,2019-06-15,1684
474,15,2019-06-18,912
475,5,2019-06-29,177
476,5,2019-06-07,1970
477,10,2019-06-15,1110
478,10,2019-06-25,1260
479,10,2019-06-19,334
480,15,2019-06-23,573
481,5,2019-06-11,229
482,15,2019-06-23,77
483,15,2019-06-09,1204
484,5,2019-06-11,1974
485,15,2019-06-05,1960
486,15,2019-06-01,1327
487,5,2019-06-01,1632
488,15,2019-06-14,754
489,15,2019-06-18,1135
490,5,2019-06-10,115
491,15,2019-06-10,1736
492,5,2019-06-04,940
493,10,2019-06-06,1175
494,10,2019-06-01,224
495,10,2019-06-19,1917
496,15,2019-06-08,532
497,10,2019-06-21,1356
498,15,2019-06-21,1027
499,10,2019-06-18,600
500,15,2019-06-10,672
501,5,2019-06-07,1408
502,10,2019-06-01,1076
503,5,2019-06-12,1750
504,15,2019-06-27,956
505,5,2019-06-13,1862
506,5,2019-06-04,165
507,15,2019-06-28,869
508,15,2019-06-16,1278
509,15,2019-06-27,1392
510,5,2019-06-27,942
511,15,2019-06-02,1579
512,5,2019-06-29,267
513,5,2019-06-09,1601
514,10,2019-06-06,594
515,15,2019-06-20,555
516,5,2019-06-12,794
517,5,2019-06-16,633
518,10,2019-06-12,862
519,5,2019-06-14,1799
520,15,2019-06-27,785
521,5,2019-06-22,1496
522,15,2019-06-12,655
523,10,2019-06-13,1633
524,5,2019-06-01,1123
525,5,2019-06-11,1747
526,15,2019-06-29,138
527,5,2019-06-01,1656
528,5,2019-06-26,381
529,10,2019-06-22,984
530,5,2019-06-26,483
531,10,2019-06-24,464
532,10,2019-06-02,1754
533,10,2019-06-19,38
534,5,2019-06-20,870
535,15,2019-06-19,1062
536,10,2019-06-26,1834
537,5,2019-06-06,778
538,5,2019-06-25,41
539,10,2019-06-12,1687
540,15,2019-06-18,922
541,5,2019-06-12,973
542,10,2019-06-27,952
543,15,2019-06-29,1304
544,5,2019-06-24,1169
545,5,2019-06-27,1064
546,10,2019-06-27,1060
547,15,2019-06-17,1162
548,15,2019-06-07,42
549,5,2019-06-11,1124
550,15,2019-06-11,1349
551,15,2019-06-04,104
552,15,2019-06-15,495
553,15,2019-06-18,294
554,10,2019-06-01,208
555,10,2019-06-18,1590
556,5,2019-06-14,1572
557,10,2019-06-14,1564
558,5,2019-06-12,158
559,15,2019-06-14,1563
560,15,2019-06-01,1078
561,5,2019-06-11,700
562,10,2019-06-08,178
563,15,2019-06-24,1441
564,15,2019-06-13,1657
565,10,2019-06-27,18
566,15,2019-06-19,1478
567,5,2019-06-13,772
568,5,2019-06-19,1445
569,5,2019-06-26,1445
570,10,2019-06-09,1896
571,10,2019-06-12,48
572,5,2019-06-02,632
573,10,2019-06-24,496
574,10,2019-06-01,1589
575,10,2019-06-14,1589
576,15,2019-06-29,1821
577,5,2019-06-11,695
578,5,2019-06-02,738
579,10,2019-06-11,1476
580,15,2019-06-13,1179
581,10,2019-06-06,1978
582,5,2019-06-24,212
583,5,2019-06-19,1215
584,10,2019-06-26,1991
585,10,2019-06-19,824
586,15,2019-06-01,46
587,15,2019-06-03,183
588,5,2019-06-25,1282
589,10,2019-06-18,1030
590,10,2019-06-01,937
591,5,2019-06-12,1722
592,5,2019-06-29,308
593,15,2019-06-06,1246
594,10,2019-06-12,885
595,10,2019-06-26,1808
596,15,2019-06-23,295
597,10,2019-06-12,1725
598,15,2019-06-28,306
599,5,2019-06-09,1583
600,15,2019-06-11,1843
601,15,2019-06-09,37
602,15,2019-06-01,923
603,10,2019-06-22,1738
604,15,2019-06-29,1323
605,5,2019-06-21,1032
606,15,2019-06-19,1447
607,5,2019-06-11,1620
608,5,2019-06-22,538
609,15,2019-06-12,1337
610,5,2019-06-24,383
611,15,2019-06-26,71
612,5,2019-06-14,1068
613,5,2019-06-28,217
614,15,2019-06-13,74
615,15,2019-06-26,1349
616,10,2019-06-24,1070
617,15,2019-06-04,1742
618,5,2019-06-01,1542
619,10,2019-06-23,523
620,5,2019-06-24,419
621,15,2019-06-13,1795
622,5,2019-06-10,1440
623,5,2019-06-28,661
624,5,2019-06-17,1355
625,15,2019-06-19,832
626,10,2019-06-19,304
627,10,2019-06-21,903
628,10,2019-06-26,1307
629,10,2019-06-24,1240
630,15,2019-06-23,896
631,5,2019-06-22,1327
632,10,2019-06-23,703
633,15,2019-06-07,265
634,5,2019-06-18,909
635,5,2019-06-29,1803
636,15,2019-06-08,483
637,15,2019-06-25,1684
638,15,2019-06-12,1467
639,15,2019-06-25,1628
640,5,2019-06-16,1294
641,15,2019-06-16,1078
642,15,2019-06-22,929
643,5,2019-06-10,555
644,15,2019-06-28,1105
645,5,2019-06-27,1483
646,10,2019-06-09,893
647,15,2019-06-11,1277
648,10,2019-06-04,1032
649,10,2019-06-20,1531
650,5,2019-06-12,700
651,10,2019-06-18,1505
652,15,2019-06-14,1132
653,15,2019-06-19,1023
654,15,2019-06-15,1111
655,15,2019-06-25,1632
656,10,2019-06-12,330
657,5,2019-06-20,480
658,5,2019-06-28,1346
659,5,2019-06-23,1023
660,5,2019-06-05,436
661,5,2019-06-10,1529
662,5,2019-06-15,225
663,5,2019-06-29,1003
664,5,2019-06-07,1850
665,10,2019-06-12,430
666,15,2019-06-04,165
667,10,2019-06-02,357
668,5,2019-06-18,1461
669,15,2019-06-22,1419
670,15,2019-06-02,1066
671,10,2019-06-15,740
672,15,2019-06-06,851
673,5,2019-06-11,554
674,10,2019-06-13,1595
675,10,2019-06-07,145
676,5,2019-06-13,1454
677,10,2019-06-21,938
678,10,2019-06-20,1225
679,15,2019-06-25,1902
680,15,2019-06-25,370
681,5,2019-06-07,645
682,10,2019-06-15,400
683,5,2019-06-14,1613
684,5,2019-06-11,21
685,10,2019-06-04,420
686,5,2019-06-11,402
687,5,2019-06-26,1216
688,15,2019-06-18,956
689,5,2019-06-25,1333
690,15,2019-06-10,1039
691,10,2019-06-02,1268
692,5,2019-06-14,985
693,5,2019-06-06,199
694,15,2019-06-28,104
695,10,2019-06-05,732
696,5,2019-06-10,1579
697,15,2019-06-23,837
698,15,2019-06-18,1171
699,10,2019-06-19,1189
700,10,2019-06-12,1479
701,5,2019-06-29,1573
702,15,2019-06-14,1553
703,15,2019-06-18,1048
704,5,2019-06-24,1936
705,10,2019-06-07,1900
706,10,2019-06-17,448
707,15,2019-06-12,1618
708,5,2019-06-26,2000
709,5,2019-06-21,426
710,15,2019-06-05,1204
711,10,2019-06-12,1423
712,15,2019-06-24,836
713,10,2019-06-12,1412
714,10,2019-06-26,1472
715,15,2019-06-12,293
716,15,2019-06-28,664
717,15,2019-06-18,989
718,10,2019-06-10,188
719,5,2019-06-18,1435
720,10,2019-06-24,1880
721,5,2019-06-28,481
722,5,2019-06-14,844
723,10,2019-06-29,1319
724,10,2019-06-07,782
725,15,2019-06-25,181
726,15,2019-06-26,1764
727,5,2019-06-26,1878
728,15,2019-06-23,1557
729,15,2019-06-26,129
730,10,2019-06-10,1714
731,10,2019-06-13,693
732,5,2019-06-11,1886
733,15,2019-06-13,1259
734,10,2019-06-10,321
735,15,2019-06-27,771
736,5,2019-06-07,1307
737,5,2019-06-19,1147
738,5,2019-06-14,835
739,10,2019-06-10,1226
740,5,2019-06-23,1934
741,15,2019-06-13,656
742,15,2019-06-27,708
743,5,2019-06-13,625
744,5,2019-06-28,1690
745,5,2019-06-27,642
746,5,2019-06-18,1673
747,15,2019-06-27,796
748,5,2019-06-20,1925
749,5,2019-06-20,1736
750,15,2019-06-09,1017
751,5,2019-06-02,1193
752,10,2019-06-18,699
753,5,2019-06-22,698
754,5,2019-06-17,871
755,15,2019-06-09,1327
756,15,2019-06-26,391
757,10,2019-06-02,144
758,10,2019-06-05,977
759,10,2019-06-14,1281
760,15,2019-06-21,1721
761,15,2019-06-16,1951
762,5,2019-06-29,1577
763,10,2019-06-26,1688
764,15,2019-06-22,1231
765,5,2019-06-20,213
766,15,2019-06-28,90
767,5,2019-06-05,1247
768,10,2019-06-27,83
769,15,2019-06-08,1931
770,5,2019-06-10,419
771,10,2019-06-04,591
772,15,2019-06-16,1028
773,5,2019-06-18,1418
774,15,2019-06-16,1513
775,15,2019-06-08,255
776,5,2019-06-02,755
777,10,2019-06-23,12
778,10,2019-06-01,956
779,5,2019-06-03,1727
780,10,2019-06-25,1714
781,10,2019-06-26,1664
782,10,2019-06-23,1181
783,15,2019-06-14,225
784,5,2019-06-28,1174
785,15,2019-06-13,465
786,15,2019-06-04,366
787,5,2019-06-23,969
788,10,2019-06-19,167
789,5,2019-06-24,1672
790,5,2019-06-17,173
791,10,2019-06-08,1863
792,5,2019-06-03,839
793,10,2019-06-19,1767
794,5,2019-06-22,1813
795,10,2019-06-24,1626
796,5,2019-06-26,1903
797,5,2019-06-20,1543
798,5,2019-06-07,1415
799,15,2019-06-15,354
800,5,2019-06-01,38
801,10,2019-06-04,223
802,15,2019-06-14,1869
803,10,2019-06-26,1730
804,15,2019-06-13,1003
805,15,2019-06-14,882
806,5,2019-06-25,80
807,5,2019-06-28,402
808,5,2019-06-10,226
809,10,2019-06-24,247
810,15,2019-06-25,1456
811,5,2019-06-20,98
812,5,2019-06-07,1538
813,15,2019-06-26,119
814,10,2019-06-26,1689
815,5,2019-06-29,434
816,10,2019-06-29,1367
817,15,2019-06-27,553
818,15,2019-06-27,1299
819,5,2019-06-21,1883
820,10,2019-06-04,1999
821,5,2019-06-01,344
822,10,2019-06-29,1383
823,10,2019-06-14,1972
824,5,2019-06-29,1631
825,10,2019-06-01,1069
826,10,2019-06-14,244
827,15,2019-06-01,1857
828,10,2019-06-02,1519
829,15,2019-06-07,1239
830,5,2019-06-25,998
831,10,2019-06-10,117
832,10,2019-06-11,1320
833,5,2019-06-17,1901
834,15,2019-06-12,808
835,15,2019-06-04,1103
836,5,2019-06-19,1242
837,5,2019-06-27,1418
838,10,2019-06-17,541
839,15,2019-06-21,490
840,10,2019-06-05,1310
841,5,2019-06-15,1484
842,15,2019-06-05,506
843,15,2019-06-29,385
844,5,2019-06-29,821
845,15,2019-06-16,1624
846,5,2019-06-11,32
847,5,2019-06-23,417
848,5,2019-06-24,304
849,5,2019-06-16,1243
850,15,2019-06-09,1738
851,10,2019-06-12,1903
852,10,2019-06-29,319
853,10,2019-06-04,856
854,5,2019-06-24,2000
855,10,2019-06-14,1760
856,15,2019-06-17,1004
857,15,2019-06-06,608
858,10,2019-06-11,316
859,15,2019-06-14,1574
860,15,2019-06-08,1026
861,10,2019-06-09,238
862,15,2019-06-21,60
863,15,2019-06-21,205
864,5,2019-06-11,602
865,10,2019-06-04,1405
866,15,2019-06-24,1441
867,5,2019-06-26,1837
868,10,2019-06-10,1332
869,10,2019-06-12,1404
870,15,2019-06-07,709
871,5,2019-06-16,1402
872,15,2019-06-15,1217
873,10,2019-06-27,951
874,5,2019-06-17,1214
875,15,2019-06-03,182
876,5,2019-06-19,1986
877,5,2019-06-22,312
878,15,2019-06-27,329
879,5,2019-06-11,94
880,10,2019-06-06,671
881,10,2019-06-01,428
882,5,2019-06-12,1919
883,15,2019-06-05,1247
884,15,2019-06-28,214
885,15,2019-06-18,1696
886,15,2019-06-19,1472
887,15,2019-06-01,1506
888,10,2019-06-07,271
889,15,2019-06-28,1848
890,5,2019-06-10,842
891,5,2019-06-25,1619
892,15,2019-06-27,1052
893,10,2019-06-02,703
894,10,2019-06-20,381
895,15,2019-06-05,826
896,5,2019-06-01,920
897,10,2019-06-25,1714
898,15,2019-06-18,1822
899,10,2019-06-22,1137
900,10,2019-06-03,640
901,15,2019-06-01,199
902,5,2019-06-16,309
903,5,2019-06-04,741
904,15,2019-06-03,846
905,5,2019-06-03,1810
906,15,2019-06-01,1140
907,15,2019-06-13,1692
908,15,2019-06-08,1446
909,10,2019-06-18,72
910,15,2019-06-22,1064
911,10,2019-06-23,1715
912,5,2019-06-10,827
913,10,2019-06-03,458
914,10,2019-06-16,301
915,10,2019-06-03,231
916,10,2019-06-10,893
917,5,2019-06-16,1062
918,5,2019-06-13,64
919,5,2019-06-25,1212
920,10,2019-06-13,1474
921,15,2019-06-10,511
922,15,2019-06-20,377
923,5,2019-06-07,1082
924,15,2019-06-27,1240
925,5,2019-06-05,1811
926,15,2019-06-22,297
927,15,2019-06-24,1702
928,5,2019-06-12,1490
929,15,2019-06-08,633
930,15,2019-06-06,1936
931,10,2019-06-28,1801
932,5,2019-06-17,1116
933,5,2019-06-09,1807
934,5,2019-06-11,1467
935,5,2019-06-14,1212
936,5,2019-06-11,1060
937,15,2019-06-22,1639
938,10,2019-06-28,341
939,10,2019-06-23,271
940,10,2019-06-14,2
941,10,2019-06-25,202
942,15,2019-06-19,776
943,5,2019-06-16,277
944,10,2019-06-26,572
945,10,2019-06-19,16
946,5,2019-06-16,992
947,15,2019-06-04,1279
948,10,2019-06-16,739
949,15,2019-06-18,1511
950,10,2019-06-02,790
951,10,2019-06-25,626
952,15,2019-06-27,962
953,10,2019-06-01,1951
954,15,2019-06-11,782
955,10,2019-06-23,581
956,15,2019-06-21,1162
957,5,2019-06-25,307
958,5,2019-06-12,91
959,5,2019-06-14,177
960,15,2019-06-27,483
961,15,2019-06-16,494
962,10,2019-06-11,1460
963,15,2019-06-08,376
964,5,2019-06-05,423
965,5,2019-06-25,717
966,5,2019-06-13,1729
967,10,2019-06-23,133
968,10,2019-06-01,1317
969,15,2019-06-26,1283
970,10,2019-06-07,1912
971,5,2019-06-13,1696
972,15,2019-06-11,1216
973,5,2019-06-08,378
974,5,2019-06-27,1827
975,15,2019-06-19,1256
976,5,2019-06-26,838
977,5,2019-06-19,544
978,5,2019-06-04,1671
979,5,2019-06-25,769
980,15,2019-06-11,1420
981,5,2019-06-03,38
982,5,2019-06-10,1937
983,5,2019-06-23,1318
984,10,2019-06-27,1483
985,5,2019-06-04,717
986,15,2019-06-16,231
987,10,2019-06-26,1674
988,5,2019-06-29,1783
989,15,2019-06-21,777
990,10,2019-06-28,450
991,5,2019-06-05,1863
992,15,2019-06-21,1713
993,10,2019-06-03,1352
994,5,2019-06-18,1804
995,10,2019-06-18,1844
996,10,2019-06-18,1543
997,15,2019-06-18,1285
998,15,2019-06-22,642
999,15,2019-06-23,834
1000,10,2019-06-16,1677
1001,15,2019-06-16,1638
1002,15,2019-06-15,216
1003,5,2019-06-08,80
1004,5,2019-06-22,277
1005,10,2019-06-24,1702
1006,15,2019-06-24,899
1007,10,2019-06-25,457
1008,5,2019-06-20,452
1009,15,2019-06-11,601
1010,15,2019-06-06,226
1011,15,2019-06-27,387
1012,15,2019-06-13,686
1013,10,2019-06-09,904
1014,10,2019-06-21,1768
1015,5,2019-06-03,1961
1016,5,2019-06-07,1020
1017,10,2019-06-10,677
1018,5,2019-06-08,1493
1019,15,2019-06-18,1346
1020,15,2019-06-10,1527
1021,5,2019-06-07,11
1022,10,2019-06-11,722
1023,5,2019-06-17,739
1024,15,2019-06-15,1340
1025,15,2019-06-04,1537
1026,5,2019-06-04,1307
1027,15,2019-06-07,1263
1028,5,2019-06-08,1287
1029,5,2019-06-18,468
1030,10,2019-06-20,1543
1031,10,2019-06-29,1952
1032,5,2019-06-04,1478
1033,10,2019-06-19,223
1034,15,2019-06-23,324
1035,10,2019-06-02,400
1036,10,2019-06-05,1626
1037,10,2019-06-24,1412
1038,10,2019-06-22,919
1039,5,2019-06-03,669
1040,5,2019-06-15,234
1041,5,2019-06-08,820
1042,5,2019-06-07,1019
1043,5,2019-06-05,1144
1044,15,2019-06-01,257
1045,5,2019-06-12,1537
1046,5,2019-06-15,273
1047,5,2019-06-29,215
1048,10,2019-06-16,298
1049,15,2019-06-15,603
1050,10,2019-06-22,345
1051,10,2019-06-20,1091
1052,10,2019-06-28,246
1053,15,2019-06-19,457
1054,15,2019-06-07,590
1055,15,2019-06-01,1203
1056,10,2019-06-14,1561
1057,15,2019-06-24,1785
1058,15,2019-06-15,1965
1059,15,2019-06-14,588
1060,5,2019-06-12,578
1061,15,2019-06-24,1303
1062,15,2019-06-22,1763
1063,15,2019-06-21,884
1064,5,2019-06-13,1755
1065,5,2019-06-09,772
1066,10,2019-06-23,1548
1067,10,2019-06-15,768
1068,5,2019-06-03,1133
1069,5,2019-06-11,1865
1070,15,2019-06-09,917
1071,15,2019-06-19,460
1072,5,2019-06-22,1777
1073,10,2019-06-21,612
1074,5,2019-06-07,515
1075,5,2019-06-24,1776
1076,5,2019-06-02,846
1077,10,2019-06-03,799
1078,10,2019-06-05,1016
1079,5,2019-06-08,937
1080,10,2019-06-16,189
1081,5,2019-06-19,1186
1082,5,2019-06-10,875
1083,10,2019-06-25,1128
1084,10,2019-06-09,511
1085,10,2019-06-15,1481
1086,15,2019-06-12,1409
1087,15,2019-06-25,470
1088,10,2019-06-14,1958
1089,5,2019-06-05,787
1090,15,2019-06-13,546
1091,5,2019-06-26,464
1092,10,2019-06-28,852
1093,10,2019-06-10,460
1094,15,2019-06-02,1757
1095,5,2019-06-27,1293
1096,5,2019-06-08,1850
1097,15,2019-06-13,720
1098,10,2019-06-06,1037
1099,10,2019-06-28,554
1100,5,2019-06-11,301
1101,5,2019-06-28,132
1102,5,2019-06-07,870
1103,15,2019-06-15,459
1104,15,2019-06-16,515
1105,5,2019-06-17,1516
1106,5,2019-06-01,918
1107,10,2019-06-13,1195
1108,5,2019-06-20,645
1109,5,2019-06-23,637
1110,10,2019-06-28,1978
1111,5,2019-06-29,1349
1112,15,2019-06-22,129
1113,5,2019-06-18,474
1114,15,2019-06-06,160
1115,15,2019-06-13,1856
1116,10,2019-06-18,428
1117,15,2019-06-10,1281
1118,10,2019-06-18,309
1119,10,2019-06-14,1479
1120,15,2019-06-02,1292
1121,5,2019-06-26,1847
1122,15,2019-06-14,1032
1123,15,2019-06-23,209
1124,15,2019-06-09,124
1125,5,2019-06-25,715
1126,15,2019-06-19,1583
1127,5,2019-06-11,943
1128,5,2019-06-07,897
1129,10,2019-06-15,175
1130,10,2019-06-15,1907
1131,5,2019-06-06,1851
1132,5,2019-06-23,757
1133,10,2019-06-27,1018
1134,10,2019-06-13,158
1135,15,2019-06-18,48
1136,5,2019-06-04,943
1137,15,2019-06-23,1852
1138,5,2019-06-01,32
1139,10,2019-06-08,672
1140,10,2019-06-14,1833
1141,15,2019-06-07,1171
1142,10,2019-06-01,496
1143,15,2019-06-28,636
1144,15,2019-06-11,166
1145,5,2019-06-25,1403
1146,5,2019-06-23,1482
1147,15,2019-06-06,1479
1148,15,2019-06-12,1651
1149,15,2019-06-17,1729
1150,15,2019-06-21,594
1151,5,2019-06-18,1588
1152,5,2019-06-03,502
1153,15,2019-06-07,63
1154,15,2019-06-06,1780
1155,10,2019-06-06,1744
1156,5,2019-06-07,712
1157,15,2019-06-06,1259
1158,15,2019-06-01,1809
1159,10,2019-06-28,846
1160,15,2019-06-22,628
1161,15,2019-06-19,1164
1162,5,2019-06-09,1520
1163,5,2019-06-15,61
1164,10,2019-06-20,270
1165,10,2019-06-09,1239
1166,15,2019-06-29,1314
1167,5,2019-06-24,67
1168,10,2019-06-20,1230
1169,5,2019-06-11,1553
1170,5,2019-06-07,1187
1171,10,2019-06-29,295
1172,10,2019-06-13,351
1173,10,2019-06-18,1881
1174,15,2019-06-03,513
1175,10,2019-06-18,253
1176,15,2019-06-14,371
1177,10,2019-06-26,847
1178,10,2019-06-15,403
1179,5,2019-06-04,531
1180,10,2019-06-15,1931
1181,15,2019-06-14,1494
1182,10,2019-06-26,1316
1183,10,2019-06-11,456
1184,5,2019-06-08,169
1185,5,2019-06-12,819
1186,5,2019-06-19,1975
1187,10,2019-06-22,1743
1188,15,2019-06-15,1289
1189,10,2019-06-17,1399
1190,5,2019-06-13,1487
1191,10,2019-06-17,761
1192,10,2019-06-28,647
1193,10,2019-06-21,1105
1194,10,2019-06-14,818
1195,15,2019-06-03,47
1196,10,2019-06-18,1856
1197,10,2019-06-29,703
1198,15,2019-06-21,424
1199,15,2019-06-11,299
1200,5,2019-06-29,634
1201,10,2019-06-09,828
1202,15,2019-06-06,90
1203,10,2019-06-23,634
1204,5,2019-06-25,1618
1205,5,2019-06-13,1112
1206,5,2019-06-24,1841
1207,5,2019-06-22,501
1208,10,2019-06-09,1703
1209,5,2019-06-05,1497
1210,15,2019-06-25,1601
1211,15,2019-06-29,34
1212,15,2019-06-16,516
1213,15,2019-06-17,488
1214,10,2019-06-10,162
1215,10,2019-06-10,351
1216,10,2019-06-21,1278
1217,10,2019-06-22,493
1218,15,2019-06-20,857
1219,5,2019-06-28,76
1220,15,2019-06-13,1232
1221,15,2019-06-16,1696
1222,10,2019-06-12,314
1223,10,2019-06-19,1018
1224,5,2019-06-29,1372
1225,15,2019-06-14,876
1226,15,2019-06-16,1609
1227,10,2019-06-06,1232
1228,10,2019-06-02,1714
1229,10,2019-06-18,549
1230,15,2019-06-17,576
1231,15,2019-06-20,1196
1232,5,2019-06-24,1480
1233,15,2019-06-18,1349
1234,5,2019-06-28,1738
1235,10,2019-06-20,1420
1236,15,2019-06-03,1514
1237,5,2019-06-17,1836
1238,5,2019-06-13,500
1239,10,2019-06-13,1502
1240,5,2019-06-20,343
1241,10,2019-06-18,1875
1242,15,2019-06-02,1218
1243,15,2019-06-03,1724
1244,5,2019-06-04,255
1245,10,2019-06-29,1406
1246,15,2019-06-23,347
1247,5,2019-06-11,1646
1248,5,2019-06-06,1175
1249,5,2019-06-13,1907
1250,10,2019-06-13,1092
1251,15,2019-06-02,794
1252,15,2019-06-09,417
1253,15,2019-06-04,845
1254,5,2019-06-17,424
1255,5,2019-06-01,1043
1256,5,2019-06-25,755
1257,15,2019-06-28,1723
1258,5,2019-06-28,1066
1259,15,2019-06-26,275
1260,5,2019-06-04,1087
1261,10,2019-06-22,914
1262,5,2019-06-20,201
1263,5,2019-06-04,1838
1264,15,2019-06-18,399
1265,15,2019-06-11,774
1266,10,2019-06-06,969
1267,10,2019-06-19,560
1268,10,2019-06-09,1141
1269,15,2019-06-02,1880
1270,15,2019-06-29,244
1271,10,2019-06-11,636
1272,15,2019-06-09,1921
1273,10,2019-06-03,1889
1274,15,2019-06-26,1139
1275,15,2019-06-20,1369
1276,10,2019-06-05,765
1277,5,2019-06-15,918
1278,10,2019-06-16,965
1279,15,2019-06-01,795
1280,10,2019-06-29,27
1281,10,2019-06-12,898
1282,15,2019-06-24,1957
1283,10,2019-06-07,1552
1284,10,2019-06-29,1698
1285,5,2019-06-24,1672
1286,5,2019-06-12,1842
1287,10,2019-06-12,1961
1288,10,2019-06-13,1702
1289,10,2019-06-09,453
1290,5,2019-06-17,664
1291,10,2019-06-22,1907
1292,15,2019-06-12,428
1293,15,2019-06-14,118
1294,5,2019-06-24,1844
1295,10,2019-06-22,1249
1296,10,2019-06-19,308
1297,15,2019-06-14,1114
1298,5,2019-06-07,459
1299,5,2019-06-22,1005
1300,5,2019-06-21,1394
1301,5,2019-06-07,385
1302,10,2019-06-06,1372
1303,10,2019-06-26,1402
1304,5,2019-06-09,221
1305,10,2019-06-17,1774
1306,15,2019-06-11,159
1307,10,2019-06-13,877
1308,5,2019-06-08,1432
1309,10,2019-06-10,1665
1310,10,2019-06-29,1567
1311,10,2019-06-20,1278
1312,5,2019-06-10,1296
1313,10,2019-06-20,55
1314,10,2019-06-22,439
1315,15,2019-06-10,1356
1316,10,2019-06-15,1991
1317,15,2019-06-14,994
1318,5,2019-06-21,724
1319,10,2019-06-29,1350
1320,15,2019-06-02,949
1321,5,2019-06-10,3
1322,15,2019-06-05,467
1323,15,2019-06-26,17
1324,15,2019-06-13,1602
1325,10,2019-06-19,1466
1326,10,2019-06-14,1348
1327,5,2019-06-06,1897
1328,15,2019-06-05,1066
1329,5,2019-06-29,1477
1330,5,2019-06-28,553
1331,15,2019-06-02,1034
1332,15,2019-06-14,206
1333,10,2019-06-05,701
1334,5,2019-06-24,1581
1335,10,2019-06-11,380
1336,10,2019-06-19,214
1337,5,2019-06-22,1481
1338,15,2019-06-24,1565
1339,15,2019-06-23,1841
1340,10,2019-06-25,206
1341,10,2019-06-07,681
1342,15,2019-06-19,763
1343,10,2019-06-22,165
1344,5,2019-06-02,1862
1345,10,2019-06-15,741
1346,15,2019-06-15,859
1347,15,2019-06-05,1087
1348,10,2019-06-24,1303
1349,5,2019-06-03,1494
1350,15,2019-06-22,498
1351,10,2019-06-09,1274
1352,5,2019-06-16,144
1353,15,2019-06-04,902
1354,10,2019-06-24,769
1355,5,2019-06-29,128
1356,15,2019-06-16,1160
1357,5,2019-06-29,975
1358,15,2019-06-06,1379
1359,15,2019-06-09,941
1360,10,2019-06-28,499
1361,5,2019-06-20,1150
1362,15,2019-06-10,1193
1363,10,2019-06-16,1352
1364,5,2019-06-04,1752
1365,15,2019-06-05,318
1366,10,2019-06-06,1078
1367,5,2019-06-24,1825
1368,5,2019-06-14,215
1369,15,2019-06-22,1826
1370,10,2019-06-01,482
1371,5,2019-06-26,958
1372,5,2019-06-19,1958
1373,5,2019-06-21,698
1374,5,2019-06-24,1819
1375,15,2019-06-12,1434
1376,10,2019-06-26,1962
1377,5,2019-06-01,1735
1378,5,2019-06-07,1903
1379,10,2019-06-21,1333
1380,15,2019-06-12,1347
1381,15,2019-06-28,1237
1382,15,2019-06-04,675
1383,10,2019-06-17,773
1384,5,2019-06-07,1936
1385,5,2019-06-08,139
1386,15,2019-06-11,683
1387,5,2019-06-08,606
1388,10,2019-06-16,119
1389,15,2019-06-13,865
1390,10,2019-06-07,649
1391,5,2019-06-04,1122
1392,10,2019-06-20,1215
1393,5,2019-06-27,311
1394,10,2019-06-13,159
1395,10,2019-06-19,754
1396,10,2019-06-15,986
1397,10,2019-06-23,769
1398,10,2019-06-14,837
1399,10,2019-06-29,721
1400,5,2019-06-25,847
1401,10,2019-07-26,564
1402,5,2019-07-04,780
1403,15,2019-07-20,571
1404,10,2019-07-06,641
1405,10,2019-07-20,806
1406,15,2019-07-19,549
1407,5,2019-07-16,521
1408,15,2019-07-21,168
1409,5,2019-07-19,1355
1410,15,2019-07-02,222
1411,10,2019-07-06,889
1412,10,2019-07-02,816
1413,15,2019-07-12,1507
1414,5,2019-07-21,558
1415,15,2019-07-18,1479
1416,15,2019-07-24,552
1417,15,2019-07-25,1472
1418,10,2019-07-07,1922
1419,5,2019-07-05,1461
1420,10,2019-07-26,795
1421,15,2019-07-16,1904
1422,15,2019-07-25,1914
1423,10,2019-07-26,1964
1424,5,2019-07-22,1841
1425,10,2019-07-09,315
1426,15,2019-07-20,1020
1427,5,2019-07-14,298
1428,10,2019-07-01,296
1429,15,2019-07-25,182
1430,15,2019-07-14,1551
1431,5,2019-07-30,326
1432,10,2019-07-05,5
1433,15,2019-07-14,277
1434,10,2019-07-06,1884
1435,10,2019-07-22,1933
1436,15,2019-07-29,1285
1437,5,2019-07-14,607
1438,10,2019-07-21,303
1439,10,2019-07-15,177
1440,5,2019-07-17,840
1441,15,2019-07-22,1963
1442,15,2019-07-30,466
1443,10,2019-07-28,652
1444,15,2019-07-30,868
1445,5,2019-07-08,594
1446,15,2019-07-22,1827
1447,5,2019-07-05,40
1448,5,2019-07-14,1791
1449,5,2019-07-10,834
1450,10,2019-07-02,1485
1451,5,2019-07-19,163
1452,10,2019-07-17,1893
1453,5,2019-07-07,1463
1454,10,2019-07-14,1604
1455,15,2019-07-21,1806
1456,5,2019-07-02,1295
1457,15,2019-07-30,721
1458,10,2019-07-18,783
1459,10,2019-07-03,15
1460,10,2019-07-05,1935
1461,10,2019-07-01,178
1462,5,2019-07-10,78
1463,10,2019-07-16,1633
1464,15,2019-07-12,1274
1465,5,2019-07-13,1192
1466,10,2019-07-01,1150
1467,5,2019-07-24,1907
1468,10,2019-07-27,24
1469,10,2019-07-12,1485
1470,10,2019-07-12,499
1471,15,2019-07-28,1762
1472,10,2019-07-23,1034
1473,10,2019-07-14,610
1474,5,2019-07-03,1741
1475,10,2019-07-12,999
1476,10,2019-07-16,94
1477,5,2019-07-27,1226
1478,5,2019-07-10,246
1479,10,2019-07-15,1111
1480,5,2019-07-25,16
1481,5,2019-07-27,186
1482,10,2019-07-18,1073
1483,10,2019-07-04,1619
1484,5,2019-07-20,1027
1485,10,2019-07-19,264
1486,5,2019-07-28,1987
1487,15,2019-07-15,1565
1488,15,2019-07-14,240
1489,15,2019-07-18,1115
1490,15,2019-07-21,1383
1491,15,2019-07-07,865
1492,10,2019-07-25,1784
1493,5,2019-07-04,1221
1494,5,2019-07-11,279
1495,5,2019-07-28,201
1496,15,2019-07-02,11
1497,10,2019-07-12,1402
1498,5,2019-07-29,1076
1499,10,2019-07-05,1899
1500,5,2019-07-05,1317
1501,5,2019-07-21,1002
1502,15,2019-07-23,746
1503,15,2019-07-16,1464
1504,15,2019-07-26,707
1505,15,2019-07-04,1993
1506,5,2019-07-22,588
1507,15,2019-07-17,748
1508,10,2019-07-28,1637
1509,15,2019-07-03,91
1510,15,2019-07-08,172
1511,5,2019-07-11,847
1512,15,2019-07-06,458
1513,10,2019-07-05,1932
1514,15,2019-07-01,1371
1515,15,2019-07-09,1297
1516,10,2019-07-20,365
1517,5,2019-07-25,459
1518,10,2019-07-29,1999
1519,10,2019-07-12,509
1520,5,2019-07-13,1056
1521,15,2019-07-22,540
1522,5,2019-07-04,1667
1523,15,2019-07-06,1383
1524,15,2019-07-19,1297
1525,15,2019-07-29,365
1526,15,2019-07-07,277
1527,5,2019-07-29,875
1528,15,2019-07-03,99
1529,10,2019-07-20,801
1530,10,2019-07-10,1087
1531,15,2019-07-18,1659
1532,5,2019-07-15,224
1533,15,2019-07-12,1728
1534,5,2019-07-10,416
1535,10,2019-07-07,749
1536,15,2019-07-24,939
1537,5,2019-07-23,28
1538,10,2019-07-05,1709
1539,10,2019-07-27,1281
1540,5,2019-07-01,1778
1541,5,2019-07-07,1068
1542,5,2019-07-02,673
1543,15,2019-07-14,320
1544,15,2019-07-15,1277
1545,5,2019-07-18,1450
1546,15,2019-07-26,1422
1547,5,2019-07-28,64
1548,5,2019-07-24,1437
1549,15,2019-07-26,80
1550,5,2019-07-17,223
1551,5,2019-07-02,168
1552,5,2019-07-06,303
1553,10,2019-07-15,1521
1554,5,2019-07-13,97
1555,5,2019-07-11,1049
1556,5,2019-07-29,814
1557,5,2019-07-06,1100
1558,10,2019-07-24,935
1559,10,2019-07-15,742
1560,10,2019-07-04,1552
1561,15,2019-07-23,1638
1562,15,2019-07-10,1719
1563,10,2019-07-29,235
1564,5,2019-07-14,41
1565,15,2019-07-19,951
1566,5,2019-07-19,1582
1567,5,2019-07-24,1125
1568,10,2019-07-26,1891
1569,5,2019-07-04,704
1570,15,2019-07-28,807
1571,10,2019-07-17,129
1572,10,2019-07-14,566
1573,15,2019-07-05,812
1574,15,2019-07-15,904
1575,15,2019-07-30,1445
1576,5,2019-07-19,1748
1577,5,2019-07-10,1761
1578,5,2019-07-09,1552
1579,10,2019-07-13,287
1580,10,2019-07-21,1306
1581,5,2019-07-16,698
1582,10,2019-07-07,142
1583,10,2019-07-04,1813
1584,15,2019-07-06,1773
1585,10,2019-07-14,1808
1586,10,2019-07-21,1804
1587,15,2019-07-14,15
1588,5,2019-07-16,1358
1589,15,2019-07-02,1231
1590,5,2019-07-14,1344
1591,10,2019-07-26,83
1592,15,2019-07-19,565
1593,5,2019-07-26,1216
1594,15,2019-07-10,280
1595,5,2019-07-16,1868
1596,10,2019-07-15,1869
1597,15,2019-07-07,951
1598,15,2019-07-16,1432
1599,5,2019-07-09,1150
1600,10,2019-07-27,661
1601,15,2019-07-26,394
1602,5,2019-07-15,433
1603,5,2019-07-09,1331
1604,5,2019-07-19,1594
1605,5,2019-07-07,348
1606,10,2019-07-17,594
1607,10,2019-07-12,1117
1608,10,2019-07-24,1298
1609,5,2019-07-19,731
1610,15,2019-07-06,1371
1611,5,2019-07-06,315
1612,15,2019-07-07,191
1613,5,2019-07-12,1563
1614,15,2019-07-22,1250
1615,15,2019-07-16,752
1616,15,2019-07-30,956
1617,10,2019-07-15,1255
1618,5,2019-07-23,334
1619,15,2019-07-04,986
1620,10,2019-07-05,795
1621,5,2019-07-26,1031
1622,15,2019-07-18,47
1623,10,2019-07-10,276
1624,5,2019-07-14,800
1625,10,2019-07-28,924
1626,5,2019-07-09,1033
1627,5,2019-07-26,1834
1628,15,2019-07-08,124
1629,10,2019-07-01,1146
1630,15,2019-07-13,1434
1631,5,2019-07-21,707
1632,15,2019-07-22,1160
1633,5,2019-07-15,1793
1634,15,2019-07-05,988
1635,15,2019-07-06,1669
1636,15,2019-07-14,603
1637,10,2019-07-05,83
1638,15,2019-07-02,1804
1639,10,2019-07-23,1139
1640,5,2019-07-12,1811
1641,15,2019-07-27,400
1642,15,2019-07-08,1506
1643,5,2019-07-12,37
1644,15,2019-07-15,534
1645,10,2019-07-29,1840
1646,10,2019-07-27,852
1647,15,2019-07-15,893
1648,5,2019-07-20,86
1649,10,2019-07-18,339
1650,5,2019-07-23,988
1651,5,2019-07-21,1473
1652,5,2019-07-10,1133
1653,15,2019-07-23,338
1654,5,2019-07-05,516
1655,10,2019-07-28,1108
1656,5,2019-07-27,891
1657,15,2019-07-18,589
1658,15,2019-07-14,906
1659,10,2019-07-28,937
1660,10,2019-07-27,1150
1661,10,2019-07-07,1572
1662,15,2019-07-07,500
1663,5,2019-07-10,1409
1664,10,2019-07-17,1611
1665,5,2019-07-10,1445
1666,10,2019-07-14,460
1667,15,2019-07-27,1968
1668,5,2019-07-04,877
1669,10,2019-07-05,583
1670,15,2019-07-22,1428
1671,10,2019-07-02,496
1672,5,2019-07-26,1224
1673,15,2019-07-18,1135
1674,15,2019-07-15,1396
1675,15,2019-07-15,710
1676,10,2019-07-01,1605
1677,5,2019-07-08,1353
1678,5,2019-07-08,673
1679,10,2019-07-06,1116
1680,10,2019-07-27,665
1681,10,2019-07-03,807
1682,15,2019-07-25,1268
1683,15,2019-07-25,1368
1684,10,2019-07-11,444
1685,5,2019-07-09,1313
1686,15,2019-07-03,1456
1687,5,2019-07-09,11
1688,15,2019-07-27,578
1689,5,2019-07-19,1264
1690,5,2019-07-20,1744
1691,10,2019-07-06,1259
1692,5,2019-07-27,342
1693,10,2019-07-23,1159
1694,5,2019-07-06,1562
1695,15,2019-07-11,1631
1696,5,2019-07-20,660
1697,15,2019-07-20,482
1698,10,2019-07-26,61
1699,5,2019-07-17,1634
1700,5,2019-07-19,1225
1701,5,2019-08-20,1060
1702,15,2019-08-12,337
1703,15,2019-08-11,1717
1704,5,2019-08-29,702
1705,5,2019-08-27,474
1706,5,2019-08-29,1809
1707,5,2019-08-15,85
1708,5,2019-08-18,1063
1709,10,2019-08-16,625
1710,15,2019-08-12,986
1711,5,2019-08-22,1578
1712,5,2019-08-24,797
1713,15,2019-08-18,1555
1714,5,2019-08-05,1426
1715,10,2019-08-28,460
1716,5,2019-08-22,420
1717,5,2019-08-17,1927
1718,15,2019-08-09,1257
1719,10,2019-08-06,1464
1720,15,2019-08-20,337
1721,15,2019-08-19,654
1722,15,2019-08-11,1608
1723,10,2019-08-17,1669
1724,5,2019-08-27,1267
1725,15,2019-08-08,222
1726,15,2019-08-07,1478
1727,15,2019-08-07,759
1728,10,2019-08-04,1677
1729,15,2019-08-11,1133
1730,10,2019-08-21,1322
1731,10,2019-08-30,1474
1732,5,2019-08-11,424
1733,10,2019-08-01,852
1734,15,2019-08-19,1671
1735,15,2019-08-03,1261
1736,15,2019-08-10,517
1737,10,2019-08-23,507
1738,10,2019-08-19,1986
1739,15,2019-08-23,1873
1740,10,2019-08-30,477
1741,5,2019-08-29,1665
1742,10,2019-08-24,1481
1743,10,2019-08-22,822
1744,15,2019-08-12,208
1745,5,2019-08-11,1855
1746,5,2019-08-30,1933
1747,10,2019-08-01,1753
1748,5,2019-08-17,750
1749,15,2019-08-17,1298
1750,15,2019-08-09,424
1751,15,2019-08-06,1764
1752,5,2019-08-15,1074
1753,5,2019-08-12,542
1754,5,2019-08-04,452
1755,5,2019-08-18,744
1756,15,2019-08-11,586
1757,15,2019-08-01,1397
1758,15,2019-08-06,1470
1759,15,2019-08-12,1227
1760,5,2019-08-23,1256
1761,5,2019-08-13,1059
1762,5,2019-08-11,870
1763,5,2019-08-16,695
1764,15,2019-08-13,1319
1765,10,2019-08-29,1756
1766,10,2019-08-18,1060
1767,15,2019-08-26,675
1768,10,2019-08-19,974
1769,15,2019-08-23,866
1770,15,2019-08-19,367
1771,10,2019-08-28,1628
1772,15,2019-08-09,977
1773,10,2019-08-20,51
1774,15,2019-08-09,563
1775,15,2019-08-11,1829
1776,15,2019-08-23,186
1777,15,2019-08-08,698
1778,15,2019-08-18,465
1779,15,2019-08-28,1567
1780,5,2019-08-25,31
1781,15,2019-08-29,224
1782,5,2019-08-15,1481
1783,5,2019-08-25,435
1784,5,2019-08-21,1176
1785,5,2019-08-16,1508
1786,15,2019-08-15,1379
1787,15,2019-08-19,1148
1788,10,2019-08-27,114
1789,15,2019-08-15,1171
1790,5,2019-08-06,47
1791,5,2019-08-09,784
1792,5,2019-08-22,358
1793,15,2019-08-10,660
1794,15,2019-08-16,1039
1795,15,2019-08-17,442
1796,5,2019-08-17,1069
1797,5,2019-08-27,1930
1798,5,2019-08-16,870
1799,10,2019-08-17,1931
1800,15,2019-08-28,1310
1801,10,2019-08-23,1556
1802,15,2019-08-22,1824
1803,15,2019-08-26,966
1804,5,2019-08-14,642
1805,10,2019-08-24,1847
1806,15,2019-08-18,1374
1807,10,2019-08-14,854
1808,15,2019-08-02,1897
1809,10,2019-08-05,444
1810,15,2019-08-15,294
1811,15,2019-08-16,875
1812,10,2019-08-08,1067
1813,5,2019-08-26,1910
1814,15,2019-08-29,1279
1815,5,2019-08-11,507
1816,10,2019-08-11,660
1817,10,2019-08-24,694
1818,5,2019-08-25,1931
1819,15,2019-08-13,703
1820,10,2019-08-03,1709
1821,5,2019-08-27,918
1822,5,2019-08-15,1403
1823,10,2019-08-09,7
1824,15,2019-08-29,27
1825,10,2019-08-25,1579
1826,10,2019-08-28,1425
1827,10,2019-08-01,365
1828,5,2019-08-15,863
1829,10,2019-08-01,1885
1830,5,2019-08-18,476
1831,10,2019-08-17,696
1832,10,2019-08-17,1697
1833,15,2019-08-25,1768
1834,10,2019-08-20,508
1835,5,2019-08-24,1182
1836,15,2019-08-29,1818
1837,5,2019-08-26,722
1838,5,2019-08-23,1088
1839,5,2019-08-14,258
1840,5,2019-08-17,1708
1841,10,2019-08-01,1204
1842,10,2019-08-02,550
1843,5,2019-08-30,1038
1844,5,2019-08-23,783
1845,5,2019-08-23,1903
1846,5,2019-08-27,78
1847,5,2019-08-24,1430
1848,10,2019-08-21,1921
1849,5,2019-08-13,969
1850,5,2019-08-30,387
1851,5,2019-08-04,1217
1852,15,2019-08-08,917
1853,5,2019-08-26,1568
1854,10,2019-08-25,547
1855,10,2019-08-04,41
1856,15,2019-08-03,693
1857,15,2019-08-05,708
1858,10,2019-08-25,224
1859,10,2019-08-11,1118
1860,10,2019-08-29,245
1861,5,2019-08-13,1613
1862,10,2019-08-06,1375
1863,10,2019-08-14,193
1864,15,2019-08-25,1990
1865,5,2019-08-24,1833
1866,15,2019-08-28,781
1867,15,2019-08-18,497
1868,10,2019-08-03,1466
1869,5,2019-08-28,564
1870,5,2019-08-20,792
1871,10,2019-08-05,681
1872,15,2019-08-19,1748
1873,15,2019-08-10,842
1874,10,2019-08-02,31
1875,10,2019-08-25,919
1876,15,2019-08-17,884
1877,10,2019-08-02,1196
1878,10,2019-08-06,61
1879,15,2019-08-23,770
1880,5,2019-08-14,1968
1881,10,2019-08-06,1193
1882,15,2019-08-05,1100
1883,5,2019-08-22,765
1884,10,2019-08-07,1527
1885,15,2019-08-03,699
1886,15,2019-08-26,803
1887,15,2019-08-16,1377
1888,5,2019-08-17,1113
1889,5,2019-08-24,912
1890,5,2019-08-05,754
1891,10,2019-08-08,1903
1892,15,2019-08-30,1372
1893,5,2019-08-10,506
1894,5,2019-08-13,822
1895,5,2019-08-06,829
1896,5,2019-08-17,947
1897,5,2019-08-18,1668
1898,5,2019-08-14,302
1899,5,2019-08-16,504
1900,15,2019-08-01,1694
1901,15,2019-09-12,448
1902,15,2019-09-25,1264
1903,5,2019-09-16,1649
1904,15,2019-09-19,1697
1905,15,2019-09-07,1026
1906,15,2019-09-16,288
1907,5,2019-09-05,1379
1908,15,2019-09-13,1995
1909,5,2019-09-25,138
1910,10,2019-09-07,611
1911,15,2019-09-17,1140
1912,5,2019-09-12,353
1913,15,2019-09-07,301
1914,15,2019-09-29,1233
1915,15,2019-09-18,596
1916,5,2019-09-11,1191
1917,5,2019-09-11,1175
1918,10,2019-09-02,1357
1919,10,2019-09-05,677
1920,15,2019-09-23,940
1921,5,2019-09-27,904
1922,15,2019-09-13,1303
1923,15,2019-09-13,853
1924,10,2019-09-06,1149
1925,15,2019-09-13,671
1926,10,2019-09-07,241
1927,15,2019-09-24,1484
1928,5,2019-09-14,1292
1929,15,2019-09-21,484
1930,5,2019-09-15,792
1931,15,2019-09-12,1957
1932,15,2019-09-05,716
1933,10,2019-09-05,915
1934,5,2019-09-05,1941
1935,5,2019-09-28,1170
1936,5,2019-09-29,361
1937,10,2019-09-08,701
1938,5,2019-09-07,1183
1939,5,2019-09-27,875
1940,5,2019-09-27,1846
1941,5,2019-09-23,597
1942,10,2019-09-17,1754
1943,15,2019-09-23,953
1944,15,2019-09-03,1160
1945,5,2019-09-29,851
1946,10,2019-09-21,1785
1947,15,2019-09-15,84
1948,15,2019-09-13,326
1949,5,2019-09-02,1844
1950,15,2019-09-15,645
1951,10,2019-10-16,123
1952,5,2019-10-17,711
1953,10,2019-10-10,1626
1954,15,2019-10-14,720
1955,15,2019-10-20,1952
1956,10,2019-10-03,172
1957,10,2019-10-16,701
1958,5,2019-10-08,60
1959,10,2019-10-05,1490
1960,10,2019-10-22,1141
1961,5,2019-10-19,1727
1962,10,2019-10-28,1790
1963,15,2019-10-16,1533
1964,10,2019-10-30,157
1965,10,2019-10-15,1079
1966,5,2019-10-21,778
1967,15,2019-10-02,1931
1968,5,2019-10-12,825
1969,5,2019-10-26,565
1970,10,2019-10-03,1598
1971,15,2019-10-22,965
1972,10,2019-10-29,12
1973,10,2019-10-03,365
1974,5,2019-10-19,1693
1975,10,2019-10-21,1480
1976,5,2019-10-01,1161
1977,10,2019-10-18,962
1978,5,2019-10-13,1503
1979,5,2019-10-21,1116
1980,10,2019-10-03,664
1981,5,2019-10-24,1861
1982,15,2019-10-14,1189
1983,5,2019-10-16,1606
1984,5,2019-10-12,1270
1985,15,2019-10-30,474
1986,5,2019-10-17,950
1987,10,2019-10-27,41
1988,15,2019-10-15,1290
1989,10,2019-10-16,841
1990,15,2019-10-18,1196
1991,10,2019-10-03,398
1992,15,2019-10-05,1630
1993,5,2019-10-14,943
1994,10,2019-10-17,1320
1995,10,2019-10-06,73
1996,15,2019-10-02,263
1997,5,2019-10-09,169
1998,5,2019-10-16,1740
1999,5,2019-10-17,1381
2000,5,2019-10-07,1334
2001,15,2019-10-08,1504
2002,15,2019-10-20,599
2003,5,2019-10-20,159
2004,10,2019-10-04,1564
2005,10,2019-10-16,350
2006,5,2019-10-16,352
2007,15,2019-10-23,1030
2008,10,2019-10-17,1742
2009,10,2019-10-07,73
2010,15,2019-10-02,1427
2011,15,2019-10-10,1469
2012,15,2019-10-20,1795
2013,10,2019-10-25,1768
2014,15,2019-10-28,1857
2015,15,2019-10-08,826
2016,15,2019-10-30,1793
2017,10,2019-10-24,687
2018,5,2019-10-13,977
2019,15,2019-10-01,567
2020,15,2019-10-04,1457
2021,5,2019-10-03,1527
2022,10,2019-10-12,960
2023,15,2019-10-13,105
2024,5,2019-10-12,1829
2025,15,2019-10-11,997
2026,10,2019-10-05,1185
2027,15,2019-10-23,984
2028,10,2019-10-10,1719
2029,15,2019-10-02,1547
2030,5,2019-10-25,892
2031,15,2019-10-26,712
2032,5,2019-10-08,1744
2033,15,2019-10-30,131
2034,5,2019-10-25,1058
2035,10,2019-10-27,1141
2036,15,2019-10-29,1888
2037,15,2019-10-25,1297
2038,15,2019-10-08,1404
2039,10,2019-10-08,1194
2040,15,2019-10-30,1764
2041,15,2019-10-04,811
2042,10,2019-10-23,1902
2043,15,2019-10-11,1007
2044,10,2019-10-20,1166
2045,15,2019-10-29,1602
2046,10,2019-10-06,282
2047,5,2019-10-06,1349
2048,5,2019-10-30,1993
2049,15,2019-10-15,1190
2050,10,2019-10-03,1298
2051,5,2019-10-25,1233
2052,10,2019-10-04,470
2053,10,2019-10-26,1883
2054,5,2019-10-05,125
2055,10,2019-10-05,509
2056,10,2019-10-12,712
2057,10,2019-10-04,1040
2058,15,2019-10-20,1950
2059,15,2019-10-16,263
2060,15,2019-10-28,1961
2061,10,2019-10-11,328
2062,5,2019-10-14,573
2063,15,2019-10-05,765
2064,5,2019-10-21,275
2065,10,2019-10-04,250
2066,15,2019-10-18,1290
2067,15,2019-10-19,806
2068,15,2019-10-03,850
2069,5,2019-10-30,673
2070,5,2019-10-06,156
2071,10,2019-10-12,954
2072,10,2019-10-22,612
2073,5,2019-10-15,493
2074,5,2019-10-05,1180
2075,10,2019-10-25,1975
2076,15,2019-10-06,1172
2077,10,2019-10-28,1214
2078,5,2019-10-08,1022
2079,15,2019-10-28,1267
2080,10,2019-10-28,229
2081,10,2019-10-27,325
2082,10,2019-10-08,469
2083,15,2019-10-24,1737
2084,10,2019-10-02,1875
2085,10,2019-10-24,576
2086,10,2019-10-18,465
2087,10,2019-10-03,1915
2088,15,2019-10-22,1483
2089,15,2019-10-12,1633
2090,15,2019-10-30,1362
2091,10,2019-10-14,1706
2092,10,2019-10-24,1364
2093,15,2019-10-14,780
2094,15,2019-10-24,307
2095,15,2019-10-08,1232
2096,15,2019-10-13,1475
2097,10,2019-10-08,1612
2098,15,2019-10-02,1404
2099,10,2019-10-24,1909
2100,10,2019-10-15,1167
2101,10,2019-10-07,14
2102,15,2019-10-23,769
2103,10,2019-10-01,1218
2104,5,2019-10-25,1159
2105,10,2019-10-27,1949
2106,5,2019-10-23,517
2107,10,2019-10-10,485
2108,5,2019-10-18,1811
2109,10,2019-10-10,1244
2110,15,2019-10-29,1840
2111,10,2019-10-23,1580
2112,5,2019-10-23,923
2113,15,2019-10-26,1569
2114,10,2019-10-06,1262
2115,15,2019-10-20,43
2116,10,2019-10-05,593
2117,5,2019-10-11,794
2118,10,2019-10-30,1247
2119,5,2019-10-15,1996
2120,5,2019-10-15,1237
2121,5,2019-10-09,1169
2122,15,2019-10-28,746
2123,5,2019-10-05,1234
2124,5,2019-10-13,1449
2125,10,2019-10-21,425
2126,15,2019-10-23,563
2127,15,2019-10-18,1197
2128,5,2019-10-28,1371
2129,10,2019-10-02,234
2130,5,2019-10-19,772
2131,10,2019-10-18,859
2132,15,2019-10-17,1565
2133,5,2019-10-20,1093
2134,5,2019-10-01,13
2135,15,2019-10-21,581
2136,10,2019-10-22,564
2137,5,2019-10-13,1791
2138,15,2019-10-24,1794
2139,15,2019-10-16,26
2140,10,2019-10-16,9
2141,10,2019-10-07,25
2142,15,2019-10-13,1309
2143,10,2019-10-22,1628
2144,10,2019-10-03,111
2145,5,2019-10-19,446
2146,5,2019-10-29,102
2147,15,2019-10-07,304
2148,10,2019-10-16,949
2149,10,2019-10-04,461
2150,5,2019-10-07,209
2151,10,2019-11-26,502
2152,10,2019-11-02,1198
2153,5,2019-11-12,91
2154,10,2019-11-01,1072
2155,15,2019-11-06,893
2156,15,2019-11-05,1109
2157,15,2019-11-09,1611
2158,10,2019-11-15,800
2159,10,2019-11-20,553
2160,15,2019-11-02,948
2161,10,2019-11-04,215
2162,15,2019-11-24,893
2163,5,2019-11-02,1529
2164,5,2019-11-06,1252
2165,10,2019-11-04,1940
2166,15,2019-11-13,772
2167,10,2019-11-05,339
2168,15,2019-11-26,1917
2169,10,2019-11-29,1802
2170,10,2019-11-14,1571
2171,15,2019-11-05,996
2172,5,2019-11-13,1303
2173,5,2019-11-17,788
2174,5,2019-11-27,1300
2175,5,2019-11-15,1474
2176,15,2019-11-26,1107
2177,15,2019-11-17,939
2178,10,2019-11-17,361
2179,10,2019-11-15,270
2180,15,2019-11-02,1172
2181,10,2019-11-16,1433
2182,5,2019-11-28,26
2183,15,2019-11-04,1405
2184,15,2019-11-05,792
2185,10,2019-11-09,1319
2186,5,2019-11-07,704
2187,5,2019-11-11,1207
2188,10,2019-11-17,108
2189,5,2019-11-26,1297
2190,15,2019-11-11,1847
2191,10,2019-11-11,1174
2192,15,2019-11-02,60
2193,10,2019-11-21,344
2194,10,2019-11-03,487
2195,15,2019-11-19,1092
2196,5,2019-11-27,1280
2197,15,2019-11-20,1481
2198,15,2019-11-24,1916
2199,10,2019-11-12,1265
2200,5,2019-11-25,1915
2201,15,2019-12-28,189
2202,15,2019-12-26,442
2203,5,2019-12-11,1121
2204,15,2019-12-14,1679
2205,10,2019-12-13,1302
2206,10,2019-12-21,632
2207,5,2019-12-19,1555
2208,15,2019-12-11,157
2209,10,2019-12-17,586
2210,15,2019-12-30,956
2211,5,2019-12-12,1165
2212,5,2019-12-20,1112
2213,10,2019-12-23,1823
2214,5,2019-12-15,396
2215,15,2019-12-21,1470
2216,5,2019-12-30,155
2217,10,2019-12-13,1690
2218,15,2019-12-08,1370
2219,10,2019-12-26,1419
2220,15,2019-12-07,659
2221,5,2019-12-11,1755
2222,10,2019-12-02,959
2223,15,2019-12-21,328
2224,10,2019-12-03,432
2225,5,2019-12-26,828
2226,5,2019-12-22,552
2227,5,2019-12-20,372
2228,15,2019-12-04,1451
2229,5,2019-12-14,1975
2230,5,2019-12-15,371
2231,10,2019-12-02,1582
2232,10,2019-12-24,952
2233,5,2019-12-07,1520
2234,5,2019-12-27,701
2235,15,2019-12-17,1095
2236,15,2019-12-05,531
2237,15,2019-12-08,877
2238,10,2019-12-20,1077
2239,15,2019-12-03,904
2240,15,2019-12-16,992
2241,5,2019-12-09,1923
2242,10,2019-12-04,1284
2243,15,2019-12-05,603
2244,5,2019-12-11,778
2245,10,2019-12-05,236
2246,5,2019-12-25,275
2247,15,2019-12-11,309
2248,5,2019-12-16,1701
2249,5,2019-12-19,726
2250,15,2019-12-23,1491
2251,10,2019-12-26,451
2252,15,2019-12-12,1256
2253,15,2019-12-05,747
2254,10,2019-12-15,251
2255,5,2019-12-03,1282
2256,15,2019-12-27,1542
2257,5,2019-12-18,1412
2258,15,2019-12-07,1455
2259,15,2019-12-10,292
2260,5,2019-12-15,944
2261,15,2019-12-29,1539
2262,10,2019-12-24,880
2263,15,2019-12-20,1364
2264,15,2019-12-16,1069
2265,5,2019-12-22,1932
2266,5,2019-12-21,738
2267,10,2019-12-01,1469
2268,5,2019-12-10,1999
2269,10,2019-12-27,556
2270,10,2019-12-16,589
2271,5,2019-12-23,1163
2272,5,2019-12-25,1143
2273,10,2019-12-05,915
2274,15,2019-12-15,78
2275,15,2019-12-08,797
2276,10,2019-12-19,95
2277,10,2019-12-10,1353
2278,5,2019-12-13,1294
2279,5,2019-12-18,846
2280,15,2019-12-19,1430
2281,15,2019-12-26,1108
2282,10,2019-12-01,1552
2283,15,2019-12-30,1877
2284,5,2019-12-29,1632
2285,10,2019-12-28,879
2286,15,2019-12-29,1570
2287,10,2019-12-02,1030
2288,5,2019-12-24,84
2289,10,2019-12-16,1462
2290,10,2019-12-16,836
2291,10,2019-12-28,748
2292,15,2019-12-28,1271
2293,15,2019-12-23,564
2294,5,2019-12-26,1935
2295,5,2019-12-12,827
2296,5,2019-12-01,1892
2297,5,2019-12-28,1296
2298,10,2019-12-11,1400
2299,15,2019-12-28,20
2300,5,2019-12-28,88
